"Date_evenement";"Femmes_0_24ans_Deces2020";"Femmes_25_49ans_Deces2020";"Femmes_50_64ans_Deces2020";"Femmes_65_74ans_Deces2020";"Femmes_75_84ans_Deces2020";"Femmes_85ans_plus_Deces2020";"Hommes_0_24ans_Deces2020";"Hommes_25_49ans_Deces2020";"Hommes_50_64ans_Deces2020";"Hommes_65_74ans_Deces2020";"Hommes_75_84ans_Deces2020";"Hommes_85ans_plus_Deces2020";"Femmes_0_24ans_Deces2019";"Femmes_25_49ans_Deces2019";"Femmes_50_64ans_Deces2019";"Femmes_65_74ans_Deces2019";"Femmes_75_84ans_Deces2019";"Femmes_85ans_plus_Deces2019";"Hommes_0_24ans_Deces2019";"Hommes_25_49ans_Deces2019";"Hommes_50_64ans_Deces2019";"Hommes_65_74ans_Deces2019";"Hommes_75_84ans_Deces2019";"Hommes_85ans_plus_Deces2019";"Femmes_0_24ans_Deces2018";"Femmes_25_49ans_Deces2018";"Femmes_50_64ans_Deces2018";"Femmes_65_74ans_Deces2018";"Femmes_75_84ans_Deces2018";"Femmes_85ans_plus_Deces2018";"Hommes_0_24ans_Deces2018";"Hommes_25_49ans_Deces2018";"Hommes_50_64ans_Deces2018";"Hommes_65_74ans_Deces2018";"Hommes_75_84ans_Deces2018";"Hommes_85ans_plus_Deces2018";"Zone";"LibelleZone"
"01/01/2020";11;25;77;96;157;624;7;45;125;192;207;334;7;26;65;105;148;541;16;61;104;173;223;347;7;17;83;79;187;652;12;59;135;164;202;405;"FE";"France"
"02/01/2020";16;46;152;183;328;1217;16;82;241;382;435;697;12;50;131;210;319;1129;24;120;255;345;436;697;10;36;156;173;377;1351;24;117;291;345;445;788;"FE";"France"
"03/01/2020";24;66;233;295;519;1814;28;128;380;576;630;1051;22;69;198;311;490;1679;36;153;408;528;668;1016;13;58;229;285;567;2028;34;149;420;527;710;1207;"FE";"France"
"04/01/2020";26;79;298;384;677;2419;39;170;491;759;826;1401;28;87;276;401;653;2246;44;195;541;703;888;1394;18;82;341;397;746;2687;46;194;555;710;944;1641;"FE";"France"
"05/01/2020";31;108;351;491;816;2977;53;205;610;937;1013;1711;33;111;342;501;809;2837;56;218;687;880;1114;1757;22;93;403;510;934;3362;59;242;700;874;1188;2044;"FE";"France"
"06/01/2020";38;125;412;621;984;3558;64;246;739;1129;1256;2106;42;131;395;591;985;3468;65;262;810;1024;1341;2111;28;120;485;632;1122;4014;66;284;843;1041;1410;2377;"FE";"France"
"07/01/2020";40;149;482;722;1171;4205;81;286;864;1328;1445;2492;54;152;473;688;1192;4068;74;309;954;1215;1569;2443;34;139;551;713;1314;4687;75;332;978;1209;1652;2722;"FE";"France"
"08/01/2020";46;163;542;827;1353;4803;100;314;976;1552;1664;2864;59;173;542;790;1356;4694;87;353;1072;1389;1797;2816;41;160;616;803;1486;5356;92;370;1151;1388;1909;3087;"FE";"France"
"09/01/2020";53;185;597;926;1546;5400;113;356;1095;1729;1892;3275;65;199;605;872;1523;5325;96;390;1210;1568;2024;3198;48;186;671;896;1686;6027;105;425;1285;1558;2118;3491;"FE";"France"
"10/01/2020";60;209;660;1030;1721;5996;121;403;1210;1913;2097;3678;72;217;656;966;1693;5935;108;438;1331;1753;2239;3598;53;208;735;990;1876;6661;117;462;1425;1716;2334;3863;"FE";"France"
"11/01/2020";71;223;733;1124;1895;6599;135;441;1332;2095;2289;4021;79;240;721;1051;1854;6554;113;474;1459;1947;2464;3961;62;226;811;1090;2059;7345;126;497;1536;1903;2565;4233;"FE";"France"
"12/01/2020";78;239;794;1203;2069;7165;146;474;1440;2280;2497;4357;82;262;797;1135;2043;7218;124;521;1586;2139;2681;4338;74;245;876;1184;2244;7971;135;538;1662;2083;2794;4607;"FE";"France"
"13/01/2020";82;252;843;1285;2238;7742;157;534;1537;2455;2696;4732;86;281;854;1221;2211;7844;132;556;1709;2307;2914;4728;86;261;941;1270;2433;8609;145;571;1795;2263;3023;4975;"FE";"France"
"14/01/2020";94;272;904;1373;2385;8336;163;574;1668;2665;2925;5127;91;297;929;1311;2370;8530;146;608;1833;2476;3112;5114;96;277;1012;1363;2612;9202;161;624;1906;2442;3251;5328;"FE";"France"
"15/01/2020";98;293;974;1480;2573;8907;171;609;1794;2835;3121;5522;96;322;1001;1412;2550;9143;155;645;1971;2663;3336;5478;98;301;1072;1458;2772;9799;175;660;2038;2621;3459;5649;"FE";"France"
"16/01/2020";103;305;1049;1585;2749;9478;183;649;1924;3024;3317;5891;101;348;1078;1520;2706;9780;161;679;2099;2859;3570;5845;106;327;1136;1564;2962;10433;187;697;2171;2791;3683;5994;"FE";"France"
"17/01/2020";107;322;1123;1691;2898;10073;193;685;2037;3181;3535;6252;106;366;1144;1620;2876;10372;171;722;2244;3045;3808;6210;113;350;1210;1656;3142;11037;201;747;2304;2973;3934;6344;"FE";"France"
"18/01/2020";110;338;1196;1777;3068;10662;204;722;2145;3351;3722;6561;111;384;1216;1714;3042;10981;185;774;2365;3214;4060;6570;120;367;1281;1758;3304;11650;210;793;2433;3142;4155;6713;"FE";"France"
"19/01/2020";116;355;1260;1874;3221;11199;212;753;2269;3505;3928;6889;114;409;1286;1806;3226;11590;192;815;2478;3397;4258;6954;130;391;1345;1860;3483;12265;221;833;2560;3303;4375;7095;"FE";"France"
"20/01/2020";120;370;1329;1973;3372;11739;223;792;2389;3688;4140;7235;122;432;1332;1929;3395;12185;202;842;2589;3571;4478;7279;139;409;1402;1956;3663;12901;228;867;2674;3452;4593;7482;"FE";"France"
"21/01/2020";127;386;1402;2067;3509;12342;229;831;2529;3856;4347;7555;129;454;1405;2027;3556;12799;215;889;2733;3738;4689;7653;141;435;1462;2059;3829;13501;234;905;2802;3642;4826;7875;"FE";"France"
"22/01/2020";137;404;1464;2143;3666;12913;237;872;2643;4021;4568;7905;137;470;1498;2125;3721;13471;227;933;2865;3901;4924;8058;148;454;1530;2143;4007;14111;241;948;2928;3822;5041;8203;"FE";"France"
"23/01/2020";147;418;1532;2228;3829;13446;246;904;2770;4204;4788;8249;146;487;1572;2237;3891;14120;235;967;2988;4077;5173;8417;153;483;1589;2221;4172;14728;251;992;3056;3985;5254;8534;"FE";"France"
"24/01/2020";159;437;1585;2331;4009;14037;255;940;2877;4379;5015;8580;152;511;1651;2331;4049;14723;243;1007;3117;4247;5393;8796;157;504;1641;2317;4360;15317;262;1034;3176;4164;5464;8891;"FE";"France"
"25/01/2020";168;450;1655;2437;4183;14617;267;976;2980;4553;5210;8915;155;537;1721;2438;4222;15341;255;1061;3246;4441;5643;9180;163;522;1703;2402;4551;15890;276;1084;3329;4311;5685;9228;"FE";"France"
"26/01/2020";176;465;1716;2530;4341;15203;279;1016;3078;4698;5418;9246;157;558;1797;2536;4406;16022;264;1092;3370;4633;5884;9585;169;530;1756;2495;4700;16466;287;1118;3468;4472;5918;9565;"FE";"France"
"27/01/2020";183;483;1787;2630;4487;15805;289;1052;3228;4866;5642;9592;163;586;1872;2635;4570;16645;271;1119;3474;4838;6137;9981;174;544;1823;2596;4848;17024;299;1155;3555;4645;6135;9908;"FE";"France"
"28/01/2020";185;500;1851;2722;4652;16343;299;1083;3354;5053;5842;9976;176;607;1933;2726;4747;17323;277;1166;3625;5038;6385;10367;181;562;1887;2686;4987;17553;311;1205;3668;4802;6345;10224;"FE";"France"
"29/01/2020";190;523;1907;2803;4809;16916;311;1129;3468;5256;6065;10345;183;623;1989;2827;4944;17969;287;1200;3768;5233;6622;10739;188;577;1948;2778;5166;18085;323;1251;3791;4958;6557;10566;"FE";"France"
"30/01/2020";199;542;1973;2899;4955;17464;321;1167;3596;5428;6280;10676;186;644;2058;2917;5121;18598;295;1234;3915;5403;6862;11159;196;602;2021;2868;5335;18631;335;1284;3918;5139;6762;10908;"FE";"France"
"31/01/2020";203;561;2038;2991;5112;18043;332;1214;3722;5619;6476;11040;189;661;2131;3016;5328;19227;301;1268;4037;5609;7085;11568;200;618;2093;2957;5493;19214;347;1324;4046;5298;6985;11233;"FE";"France"
"01/02/2020";209;582;2089;3080;5240;18647;346;1254;3821;5807;6660;11358;199;684;2207;3137;5532;19916;313;1311;4175;5804;7324;11968;207;634;2166;3054;5653;19743;355;1351;4184;5446;7194;11569;"FE";"France"
"02/02/2020";214;604;2154;3177;5406;19202;354;1301;3951;5984;6881;11724;205;707;2272;3240;5702;20581;337;1353;4304;5970;7574;12360;217;657;2231;3142;5840;20315;359;1393;4308;5593;7399;11876;"FE";"France"
"03/02/2020";224;621;2221;3281;5594;19778;365;1350;4059;6176;7103;12067;209;735;2342;3357;5857;21197;342;1405;4417;6150;7770;12720;225;680;2301;3242;6010;20807;366;1427;4431;5745;7616;12205;"FE";"France"
"04/02/2020";232;638;2297;3375;5760;20374;375;1385;4179;6339;7345;12411;222;761;2424;3454;6034;21838;353;1444;4555;6341;8017;13090;226;699;2381;3324;6173;21349;375;1473;4568;5921;7816;12517;"FE";"France"
"05/02/2020";241;653;2366;3471;5917;20910;390;1421;4283;6497;7551;12753;234;779;2490;3552;6231;22544;362;1482;4685;6532;8251;13488;234;718;2444;3426;6347;21931;389;1518;4695;6112;8037;12828;"FE";"France"
"06/02/2020";246;671;2430;3565;6066;21494;402;1469;4403;6666;7765;13088;239;805;2547;3656;6433;23223;379;1514;4815;6708;8487;13919;245;732;2498;3533;6525;22506;403;1560;4836;6291;8265;13144;"FE";"France"
"07/02/2020";252;689;2502;3669;6210;22074;414;1513;4519;6860;7977;13418;248;817;2613;3736;6626;23901;392;1560;4926;6873;8736;14325;250;751;2548;3625;6686;23074;415;1611;4977;6454;8486;13503;"FE";"France"
"08/02/2020";259;707;2569;3759;6369;22611;421;1546;4647;7050;8193;13772;260;830;2686;3840;6810;24542;406;1601;5067;7066;8997;14715;256;768;2625;3721;6846;23627;428;1638;5114;6627;8687;13841;"FE";"France"
"09/02/2020";263;719;2631;3859;6505;23139;431;1579;4759;7207;8402;14126;266;857;2746;3938;7004;25215;416;1643;5199;7267;9209;15102;263;792;2697;3800;7014;24221;432;1676;5252;6803;8883;14189;"FE";"France"
"10/02/2020";269;741;2692;3930;6671;23707;441;1627;4876;7397;8626;14471;274;875;2805;4046;7165;25868;427;1676;5315;7454;9440;15475;271;817;2760;3893;7176;24818;440;1724;5373;6978;9125;14555;"FE";"France"
"11/02/2020";273;755;2755;4023;6821;24283;457;1655;5027;7554;8820;14817;279;889;2868;4140;7338;26507;438;1728;5454;7648;9691;15856;277;842;2827;3983;7340;25419;450;1764;5510;7143;9325;14894;"FE";"France"
"12/02/2020";278;781;2815;4133;7003;24778;469;1695;5132;7725;9052;15175;287;912;2939;4238;7490;27170;450;1761;5585;7854;9918;16204;281;862;2891;4079;7506;25993;462;1797;5637;7309;9527;15248;"FE";"France"
"13/02/2020";285;797;2879;4238;7160;25327;478;1730;5241;7907;9271;15498;295;932;3006;4350;7690;27809;466;1794;5719;8005;10130;16604;289;883;2957;4191;7666;26617;467;1833;5761;7501;9706;15585;"FE";"France"
"14/02/2020";290;821;2948;4338;7322;25866;492;1781;5354;8067;9487;15816;301;950;3076;4455;7857;28441;479;1826;5843;8212;10386;16953;301;900;3030;4280;7836;27208;474;1873;5869;7658;9952;15926;"FE";"France"
"15/02/2020";295;837;3005;4434;7472;26409;508;1823;5467;8236;9684;16171;307;975;3142;4553;8044;29085;492;1867;5973;8390;10626;17343;305;924;3099;4378;7979;27770;485;1915;6003;7831;10159;16245;"FE";"France"
"16/02/2020";305;860;3084;4520;7634;26974;519;1870;5564;8387;9916;16505;318;994;3215;4639;8213;29740;510;1915;6092;8569;10853;17739;314;958;3160;4456;8166;28367;493;1955;6155;8001;10412;16621;"FE";"France"
"17/02/2020";311;882;3136;4617;7816;27552;538;1907;5691;8556;10142;16864;327;1020;3288;4732;8362;30332;521;1952;6202;8740;11093;18109;316;979;3238;4536;8335;28934;504;1996;6281;8155;10638;16995;"FE";"France"
"18/02/2020";315;900;3195;4696;7976;28129;546;1949;5790;8737;10358;17180;336;1048;3356;4835;8533;30969;523;1995;6355;8950;11319;18470;320;997;3299;4609;8503;29490;515;2037;6409;8315;10858;17317;"FE";"France"
"19/02/2020";320;916;3252;4806;8110;28625;555;1979;5904;8914;10547;17527;344;1077;3421;4949;8720;31662;536;2028;6475;9142;11557;18880;326;1020;3368;4705;8662;30142;528;2092;6535;8495;11081;17668;"FE";"France"
"20/02/2020";332;933;3320;4907;8237;29153;567;2016;6030;9075;10748;17844;355;1099;3502;5047;8895;32320;551;2070;6599;9336;11759;19265;334;1043;3431;4780;8842;30743;539;2140;6661;8671;11317;18046;"FE";"France"
"21/02/2020";342;948;3380;4999;8383;29679;576;2056;6150;9268;10993;18150;361;1118;3566;5162;9065;32952;567;2106;6719;9511;12011;19625;339;1067;3506;4862;9019;31320;549;2178;6799;8836;11565;18363;"FE";"France"
"22/02/2020";347;966;3445;5087;8517;30209;588;2090;6267;9414;11178;18457;367;1140;3639;5242;9250;33590;579;2140;6830;9721;12237;20020;349;1088;3569;4962;9179;31885;563;2220;6927;8996;11804;18708;"FE";"France"
"23/02/2020";354;977;3498;5167;8651;30761;599;2130;6392;9570;11361;18782;375;1148;3715;5331;9382;34197;591;2172;6933;9903;12444;20396;354;1110;3635;5054;9373;32495;577;2258;7061;9166;12040;19076;"FE";"France"
"24/02/2020";360;992;3564;5265;8790;31299;606;2160;6518;9756;11568;19105;380;1165;3783;5415;9539;34803;596;2213;7062;10064;12662;20738;360;1131;3723;5155;9544;33144;585;2303;7174;9328;12249;19425;"FE";"France"
"25/02/2020";363;1013;3626;5363;8945;31810;622;2193;6633;9946;11773;19400;388;1180;3847;5524;9743;35458;607;2262;7204;10246;12889;21091;368;1155;3778;5258;9713;33762;593;2336;7297;9491;12475;19825;"FE";"France"
"26/02/2020";366;1028;3674;5450;9112;32369;631;2241;6763;10131;11982;19749;390;1200;3914;5630;9904;36088;617;2293;7336;10441;13111;21454;377;1175;3829;5360;9896;34387;598;2372;7451;9678;12728;20202;"FE";"France"
"27/02/2020";371;1049;3754;5555;9280;32905;640;2279;6880;10317;12164;20069;399;1218;3977;5714;10074;36711;627;2329;7479;10611;13357;21839;380;1197;3909;5459;10070;35005;608;2403;7582;9857;12969;20580;"FE";"France"
"28/02/2020";378;1072;3829;5664;9433;33457;653;2319;6985;10485;12366;20390;405;1233;4052;5805;10248;37342;637;2369;7600;10782;13578;22209;384;1216;3974;5540;10267;35606;622;2448;7747;10036;13200;20948;"FE";"France"
"29/02/2020";385;1090;3890;5747;9594;34036;662;2350;7093;10639;12572;20688;405;1233;4052;5805;10248;37342;637;2369;7600;10782;13578;22209;384;1216;3974;5540;10267;35606;622;2448;7747;10036;13200;20948;"FE";"France"
"01/03/2020";390;1104;3953;5837;9774;34574;673;2392;7225;10800;12774;21032;408;1256;4124;5910;10406;37968;646;2421;7719;10940;13774;22560;392;1240;4046;5646;10471;36264;633;2494;7876;10240;13456;21366;"FE";"France"
"02/03/2020";397;1120;4004;5922;9924;35140;682;2424;7364;10958;13008;21370;411;1269;4195;6011;10561;38573;663;2456;7840;11120;14022;22921;402;1261;4120;5766;10672;36971;643;2544;8031;10445;13713;21747;"FE";"France"
"03/03/2020";405;1149;4075;6022;10076;35627;688;2473;7506;11138;13224;21703;419;1283;4266;6097;10727;39123;670;2499;7958;11291;14224;23233;409;1281;4191;5845;10880;37692;654;2582;8161;10626;13961;22161;"FE";"France"
"04/03/2020";413;1167;4135;6107;10236;36214;698;2518;7639;11299;13450;22026;426;1305;4334;6195;10901;39740;682;2540;8073;11466;14432;23576;415;1314;4274;5933;11065;38408;661;2628;8295;10811;14189;22540;"FE";"France"
"05/03/2020";418;1188;4202;6208;10374;36750;708;2556;7770;11471;13684;22355;432;1325;4397;6286;11084;40310;696;2584;8210;11650;14641;23923;418;1330;4337;6033;11280;39135;668;2670;8450;11010;14462;22941;"FE";"France"
"06/03/2020";423;1211;4265;6304;10560;37283;719;2598;7891;11658;13906;22713;441;1346;4461;6389;11265;40875;704;2618;8331;11850;14861;24267;425;1350;4416;6124;11478;39818;681;2709;8590;11207;14737;23357;"FE";"France"
"07/03/2020";427;1225;4336;6387;10719;37805;728;2635;8011;11815;14117;23021;452;1372;4537;6484;11414;41484;716;2650;8451;12019;15078;24610;429;1372;4479;6229;11665;40503;692;2749;8712;11410;14981;23725;"FE";"France"
"08/03/2020";432;1244;4395;6479;10879;38337;737;2679;8112;11989;14328;23328;459;1400;4594;6576;11585;42013;726;2692;8581;12208;15299;24935;434;1388;4556;6310;11861;41207;709;2786;8838;11605;15218;24140;"FE";"France"
"09/03/2020";434;1269;4467;6599;11041;38857;744;2725;8248;12183;14531;23672;466;1419;4659;6683;11743;42560;734;2720;8700;12372;15502;25284;442;1410;4628;6421;12039;41871;721;2832;8960;11781;15453;24542;"FE";"France"
"10/03/2020";443;1287;4526;6686;11190;39461;752;2762;8388;12379;14746;23988;469;1443;4713;6771;11877;43097;740;2753;8796;12553;15699;25599;455;1431;4700;6514;12239;42555;728;2870;9112;11967;15698;24917;"FE";"France"
"11/03/2020";451;1313;4597;6781;11361;40073;759;2792;8506;12544;14968;24373;476;1463;4777;6862;12031;43682;746;2797;8939;12724;15873;25906;464;1457;4763;6608;12428;43216;732;2914;9243;12124;15900;25279;"FE";"France"
"12/03/2020";462;1329;4669;6876;11547;40616;770;2825;8622;12735;15169;24703;481;1490;4850;6956;12199;44198;754;2839;9041;12895;16071;26208;472;1477;4825;6720;12623;43902;742;2948;9392;12300;16117;25657;"FE";"France"
"13/03/2020";467;1351;4730;6975;11707;41169;786;2866;8744;12903;15368;25048;485;1509;4904;7052;12376;44722;763;2872;9149;13068;16258;26515;479;1497;4898;6823;12783;44540;752;2990;9530;12477;16343;26043;"FE";"France"
"14/03/2020";477;1377;4783;7085;11871;41721;795;2903;8855;13075;15586;25375;497;1529;4967;7155;12509;45254;778;2906;9261;13254;16454;26827;485;1514;4965;6918;12969;45178;761;3036;9661;12650;16572;26373;"FE";"France"
"15/03/2020";485;1399;4838;7182;12029;42263;805;2948;8964;13263;15814;25773;506;1555;5031;7267;12669;45789;789;2930;9359;13422;16668;27152;492;1533;5017;7008;13134;45794;768;3077;9798;12813;16804;26742;"FE";"France"
"16/03/2020";492;1420;4908;7276;12246;42849;816;2983;9103;13476;16039;26158;514;1578;5092;7356;12821;46343;798;2970;9476;13573;16875;27461;500;1549;5085;7095;13303;46396;778;3107;9945;13004;17042;27083;"FE";"France"
"17/03/2020";497;1441;4972;7391;12435;43512;822;3016;9242;13686;16266;26541;519;1605;5150;7437;12978;46879;807;3010;9574;13717;17069;27747;502;1574;5147;7167;13491;47029;789;3136;10053;13175;17249;27415;"FE";"France"
"18/03/2020";505;1460;5040;7496;12632;44108;830;3058;9363;13877;16535;26932;530;1623;5206;7544;13146;47419;819;3048;9695;13912;17280;28027;508;1591;5204;7251;13645;47639;813;3170;10154;13337;17448;27758;"FE";"France"
"19/03/2020";510;1480;5126;7640;12838;44758;834;3101;9495;14082;16792;27310;537;1655;5266;7641;13312;47950;828;3082;9804;14063;17480;28315;513;1607;5265;7332;13817;48197;826;3202;10288;13515;17660;28119;"FE";"France"
"20/03/2020";514;1500;5189;7739;13056;45378;841;3145;9620;14298;17068;27670;541;1681;5326;7740;13460;48471;836;3126;9931;14215;17683;28585;519;1619;5322;7417;13985;48774;840;3251;10398;13696;17863;28449;"FE";"France"
"21/03/2020";518;1528;5255;7847;13231;45971;855;3171;9738;14514;17314;28022;549;1702;5372;7820;13615;48941;847;3170;10065;14374;17917;28924;523;1635;5382;7531;14148;49354;847;3285;10533;13869;18087;28841;"FE";"France"
"22/03/2020";519;1546;5328;7949;13406;46585;865;3206;9865;14716;17572;28423;555;1725;5433;7929;13751;49452;855;3214;10176;14542;18102;29250;530;1647;5457;7622;14331;49941;857;3332;10650;14053;18332;29176;"FE";"France"
"23/03/2020";524;1577;5395;8073;13606;47207;880;3255;10002;14941;17864;28830;562;1741;5494;8020;13908;49966;870;3254;10282;14701;18318;29566;537;1672;5519;7720;14496;50479;866;3376;10765;14244;18539;29541;"FE";"France"
"24/03/2020";535;1591;5459;8188;13801;47877;890;3288;10135;15160;18140;29268;567;1762;5560;8100;14061;50469;879;3294;10388;14845;18515;29871;539;1691;5583;7813;14666;51070;881;3412;10904;14414;18797;29869;"FE";"France"
"25/03/2020";539;1608;5549;8300;14001;48550;900;3336;10284;15383;18474;29752;571;1775;5617;8187;14226;50962;894;3340;10502;15010;18718;30174;546;1713;5643;7899;14827;51654;889;3446;11023;14587;19009;30220;"FE";"France"
"26/03/2020";545;1631;5617;8421;14239;49243;906;3381;10417;15614;18818;30234;576;1798;5667;8279;14389;51467;902;3375;10617;15148;18911;30472;554;1729;5700;7999;14993;52234;895;3486;11159;14783;19204;30573;"FE";"France"
"27/03/2020";553;1658;5688;8547;14483;49946;912;3431;10577;15843;19139;30721;586;1815;5728;8366;14546;51965;907;3420;10732;15301;19137;30784;564;1750;5765;8083;15194;52811;903;3530;11283;14941;19440;30905;"FE";"France"
"28/03/2020";557;1685;5760;8689;14700;50729;919;3479;10722;16102;19489;31199;591;1837;5783;8448;14706;52462;917;3459;10852;15443;19374;31105;569;1764;5830;8168;15361;53397;911;3565;11416;15125;19647;31243;"FE";"France"
"29/03/2020";562;1702;5841;8800;14915;51465;924;3520;10857;16302;19846;31693;594;1857;5840;8540;14854;52935;928;3499;10986;15618;19574;31416;571;1790;5900;8262;15528;53980;922;3592;11537;15302;19867;31572;"FE";"France"
"30/03/2020";566;1723;5916;8942;15174;52279;927;3563;11027;16559;20189;32252;601;1872;5898;8620;15020;53433;941;3551;11098;15773;19771;31700;581;1809;5959;8347;15682;54544;933;3634;11677;15475;20099;31886;"FE";"France"
"31/03/2020";569;1745;5994;9092;15398;53135;936;3605;11208;16803;20574;32814;604;1889;5963;8711;15188;53944;950;3587;11209;15918;19957;31977;588;1828;6022;8434;15849;55126;945;3676;11791;15619;20319;32197;"FE";"France"
"01/04/2020";574;1771;6080;9213;15654;54021;948;3656;11352;17056;20946;33413;614;1906;6018;8789;15342;54456;958;3633;11327;16099;20166;32278;600;1841;6095;8533;16004;55689;962;3717;11913;15756;20528;32537;"FE";"France"
"02/04/2020";580;1790;6149;9341;15878;54862;958;3701;11489;17314;21309;33972;622;1917;6068;8872;15494;54991;967;3659;11460;16265;20373;32599;607;1854;6159;8601;16172;56255;969;3745;12037;15895;20755;32841;"FE";"France"
"03/04/2020";584;1815;6230;9483;16133;55797;966;3741;11665;17568;21643;34495;630;1935;6127;8973;15660;55513;974;3688;11578;16420;20584;32891;615;1875;6224;8682;16351;56822;976;3795;12165;16080;20957;33199;"FE";"France"
"04/04/2020";587;1832;6305;9609;16416;56660;971;3796;11815;17803;22000;35027;635;1957;6196;9063;15807;56016;987;3729;11684;16591;20775;33201;624;1892;6282;8780;16526;57363;986;3827;12277;16260;21164;33515;"FE";"France"
"05/04/2020";590;1849;6375;9728;16654;57554;977;3829;11975;18027;22347;35608;642;1974;6260;9152;15950;56512;997;3779;11812;16768;20959;33499;630;1914;6328;8871;16695;57906;998;3876;12409;16432;21369;33830;"FE";"France"
"06/04/2020";597;1869;6463;9845;16899;58450;986;3863;12123;18291;22688;36161;648;1993;6318;9234;16125;56980;1010;3825;11924;16937;21170;33789;639;1939;6386;8971;16852;58448;1009;3914;12530;16596;21558;34147;"FE";"France"
"07/04/2020";602;1896;6536;9959;17147;59343;994;3901;12258;18539;23018;36701;652;2012;6386;9326;16260;57480;1020;3863;12054;17109;21372;34094;640;1959;6446;9043;17018;59027;1017;3951;12650;16779;21753;34446;"FE";"France"
"08/04/2020";605;1917;6609;10075;17382;60181;996;3946;12400;18798;23342;37247;656;2023;6455;9408;16407;58004;1029;3898;12167;17286;21598;34361;647;1973;6524;9135;17161;59567;1029;3994;12756;16934;21962;34763;"FE";"France"
"09/04/2020";617;1933;6685;10196;17628;61013;1004;3992;12526;19016;23663;37744;663;2048;6521;9507;16554;58490;1039;3925;12291;17451;21780;34645;656;1987;6591;9223;17308;60114;1036;4036;12882;17096;22173;35078;"FE";"France"
"10/04/2020";623;1965;6752;10308;17860;61905;1017;4045;12666;19236;23968;38264;669;2064;6583;9598;16707;58976;1043;3956;12408;17618;22005;34954;663;2008;6652;9307;17481;60702;1044;4081;13030;17252;22388;35376;"FE";"France"
"11/04/2020";633;1982;6809;10421;18083;62698;1027;4091;12813;19486;24263;38745;679;2088;6629;9685;16853;59488;1061;3985;12520;17783;22193;35224;669;2022;6725;9376;17637;61228;1053;4125;13156;17413;22587;35699;"FE";"France"
"12/04/2020";642;2007;6862;10522;18290;63466;1033;4134;12938;19687;24538;39202;685;2111;6673;9783;17010;59977;1074;4025;12651;17923;22388;35511;673;2057;6797;9458;17787;61753;1062;4176;13266;17576;22793;36026;"FE";"France"
"13/04/2020";648;2023;6944;10663;18533;64226;1039;4164;13068;19919;24819;39656;693;2126;6730;9864;17153;60422;1081;4064;12760;18094;22574;35805;682;2075;6856;9559;17937;62263;1073;4211;13387;17733;23009;36309;"FE";"France"
"14/04/2020";657;2042;7021;10769;18734;65025;1048;4204;13225;20123;25116;40083;697;2145;6786;9941;17293;60904;1090;4108;12856;18238;22749;36078;691;2101;6921;9645;18096;62748;1084;4251;13500;17890;23202;36581;"FE";"France"
"15/04/2020";665;2061;7086;10891;18946;65790;1049;4246;13349;20336;25403;40485;701;2162;6847;10025;17432;61416;1110;4140;12960;18398;22936;36382;696;2120;6971;9751;18255;63266;1093;4294;13624;18044;23395;36868;"FE";"France"
"16/04/2020";673;2070;7158;10991;19139;66490;1063;4292;13463;20528;25687;40943;708;2174;6905;10111;17589;61927;1122;4181;13097;18545;23122;36695;702;2136;7044;9837;18402;63776;1105;4343;13758;18204;23591;37171;"FE";"France"
"17/04/2020";679;2086;7232;11066;19368;67277;1072;4326;13596;20726;25965;41426;714;2193;6956;10191;17763;62437;1127;4210;13236;18706;23338;37032;704;2159;7107;9925;18556;64255;1115;4385;13880;18352;23814;37459;"FE";"France"
"18/04/2020";684;2097;7317;11171;19575;67996;1082;4363;13716;20930;26228;41815;719;2220;7017;10278;17913;62933;1137;4256;13353;18863;23528;37300;709;2177;7162;9999;18707;64712;1126;4428;13994;18536;24044;37765;"FE";"France"
"19/04/2020";688;2113;7380;11284;19752;68716;1086;4398;13822;21109;26456;42192;728;2236;7077;10386;18052;63443;1155;4303;13446;19052;23730;37588;711;2195;7240;10082;18862;65230;1136;4478;14106;18695;24270;38100;"FE";"France"
"20/04/2020";691;2128;7449;11369;19925;69366;1092;4435;13925;21291;26689;42543;733;2255;7134;10472;18206;63980;1170;4344;13555;19190;23929;37904;720;2217;7295;10186;19020;65779;1150;4524;14226;18866;24465;38419;"FE";"France"
"21/04/2020";697;2144;7506;11454;20098;69999;1097;4463;14066;21493;26910;42895;739;2269;7187;10567;18353;64466;1178;4375;13661;19318;24130;38194;728;2245;7353;10278;19194;66306;1157;4572;14370;19037;24674;38708;"FE";"France"
"22/04/2020";701;2160;7579;11567;20266;70561;1107;4491;14194;21683;27152;43267;748;2289;7241;10649;18526;64954;1192;4417;13777;19485;24304;38514;737;2262;7410;10353;19346;66803;1168;4608;14468;19198;24852;38995;"FE";"France"
"23/04/2020";704;2179;7641;11675;20427;71175;1118;4526;14319;21858;27354;43644;756;2313;7290;10729;18683;65488;1201;4452;13914;19647;24528;38781;741;2288;7459;10448;19489;67283;1174;4649;14595;19363;25048;39264;"FE";"France"
"24/04/2020";711;2198;7705;11773;20585;71744;1128;4561;14447;22041;27573;44022;761;2326;7361;10824;18829;66039;1209;4503;14029;19815;24725;39104;749;2315;7515;10527;19642;67784;1183;4696;14699;19511;25243;39541;"FE";"France"
"25/04/2020";717;2219;7762;11854;20773;72298;1136;4604;14561;22223;27814;44361;763;2343;7417;10900;18976;66548;1217;4546;14157;19972;24917;39413;756;2336;7579;10601;19795;68235;1197;4731;14830;19669;25435;39818;"FE";"France"
"26/04/2020";721;2231;7817;11941;20945;72814;1142;4642;14684;22402;28029;44678;769;2361;7472;10987;19117;67029;1232;4594;14281;20122;25112;39714;760;2357;7650;10688;19932;68676;1207;4768;14935;19835;25631;40100;"FE";"France"
"27/04/2020";725;2245;7869;12039;21100;73351;1147;4671;14814;22560;28233;44981;773;2379;7537;11068;19252;67506;1236;4644;14384;20292;25298;39983;771;2370;7704;10770;20080;69132;1218;4806;15058;19987;25821;40390;"FE";"France"
"28/04/2020";730;2262;7937;12123;21243;73883;1160;4692;14928;22742;28465;45329;776;2395;7595;11148;19397;68015;1249;4680;14496;20456;25464;40270;779;2396;7770;10858;20221;69613;1228;4842;15179;20128;26023;40653;"FE";"France"
"29/04/2020";734;2274;7995;12221;21395;74417;1172;4732;15051;22905;28678;45621;781;2424;7662;11234;19553;68451;1258;4719;14610;20603;25647;40553;783;2412;7824;10953;20370;70102;1239;4874;15285;20272;26198;40952;"FE";"France"
"30/04/2020";736;2290;8077;12312;21537;74915;1182;4780;15150;23082;28881;45889;784;2440;7720;11313;19697;68924;1268;4747;14737;20760;25842;40820;787;2433;7885;11037;20515;70549;1246;4914;15417;20426;26407;41210;"FE";"France"
"01/05/2020";739;2306;8138;12408;21677;75382;1189;4816;15256;23230;29061;46168;790;2464;7765;11383;19850;69456;1283;4779;14857;20918;26035;41132;789;2454;7934;11115;20642;71004;1259;4956;15525;20582;26583;41467;"FE";"France"
"02/05/2020";746;2324;8203;12500;21836;75898;1203;4847;15354;23404;29235;46443;797;2491;7822;11464;20009;69956;1294;4832;14984;21066;26201;41438;793;2469;8004;11210;20779;71436;1271;5001;15646;20748;26787;41748;"FE";"France"
"03/05/2020";749;2342;8262;12582;21964;76402;1211;4873;15447;23563;29438;46745;804;2505;7876;11542;20173;70464;1308;4880;15097;21221;26361;41716;798;2485;8058;11290;20926;71855;1282;5044;15766;20892;26953;42012;"FE";"France"
"04/05/2020";753;2365;8328;12685;22122;76915;1223;4915;15566;23753;29642;47010;813;2521;7935;11647;20311;70930;1318;4916;15201;21379;26562;42001;803;2508;8124;11381;21055;72332;1292;5085;15892;21069;27159;42301;"FE";"France"
"05/05/2020";758;2386;8381;12752;22282;77433;1228;4958;15693;23913;29843;47305;819;2538;7997;11722;20450;71370;1326;4958;15318;21520;26747;42278;816;2527;8189;11471;21218;72822;1304;5126;16012;21203;27344;42572;"FE";"France"
"06/05/2020";761;2403;8437;12847;22419;77913;1235;4997;15818;24079;30037;47609;827;2553;8068;11798;20597;71877;1339;5010;15452;21701;26950;42554;823;2542;8255;11532;21359;73310;1313;5165;16125;21351;27544;42864;"FE";"France"
"07/05/2020";768;2418;8479;12943;22571;78391;1242;5034;15949;24242;30240;47884;835;2572;8116;11900;20738;72392;1348;5048;15570;21868;27144;42833;832;2566;8336;11618;21498;73776;1320;5204;16248;21496;27745;43133;"FE";"France"
"08/05/2020";773;2439;8536;13038;22723;78893;1247;5065;16059;24405;30444;48151;845;2588;8168;12001;20885;72860;1359;5089;15692;22014;27354;43106;837;2580;8401;11686;21653;74248;1333;5249;16342;21647;27937;43411;"FE";"France"
"09/05/2020";780;2452;8594;13131;22871;79367;1253;5089;16180;24547;30628;48421;851;2605;8236;12086;21024;73349;1363;5132;15800;22164;27546;43398;841;2597;8460;11769;21813;74688;1345;5288;16452;21796;28127;43678;"FE";"France"
"10/05/2020";785;2475;8648;13227;23014;79839;1259;5114;16278;24720;30808;48720;856;2630;8303;12175;21187;73824;1377;5176;15911;22352;27736;43695;849;2617;8517;11844;21974;75107;1355;5325;16561;21918;28296;43926;"FE";"France"
"11/05/2020";789;2496;8706;13298;23156;80299;1266;5144;16400;24871;30988;49001;858;2651;8363;12247;21348;74254;1388;5217;16004;22505;27929;43983;861;2644;8583;11936;22140;75542;1369;5371;16680;22062;28482;44190;"FE";"France"
"12/05/2020";797;2508;8768;13382;23298;80754;1276;5195;16537;25031;31175;49263;864;2669;8430;12319;21492;74737;1396;5258;16109;22663;28119;44259;866;2666;8644;12009;22292;75978;1376;5412;16806;22212;28674;44437;"FE";"France"
"13/05/2020";805;2536;8822;13474;23470;81224;1285;5248;16636;25188;31354;49544;867;2687;8489;12395;21640;75164;1412;5290;16230;22806;28317;44555;868;2686;8697;12087;22426;76377;1386;5447;16908;22362;28859;44663;"FE";"France"
"14/05/2020";814;2558;8882;13551;23628;81681;1296;5284;16749;25341;31533;49819;870;2702;8556;12469;21786;75661;1424;5329;16365;22975;28497;44824;874;2704;8771;12162;22578;76806;1394;5482;17026;22500;29034;44910;"FE";"France"
"15/05/2020";823;2579;8949;13648;23793;82128;1307;5330;16884;25532;31733;50080;873;2727;8623;12564;21944;76138;1433;5367;16488;23125;28694;45098;886;2721;8826;12267;22722;77232;1407;5527;17144;22646;29206;45143;"FE";"France"
"16/05/2020";826;2599;9012;13743;23939;82584;1325;5373;16989;25714;31918;50352;878;2751;8687;12649;22103;76591;1438;5411;16605;23283;28899;45392;898;2740;8888;12351;22851;77701;1419;5570;17268;22795;29379;45407;"FE";"France"
"17/05/2020";830;2619;9078;13831;24087;83010;1339;5400;17086;25869;32086;50662;882;2769;8755;12731;22249;77088;1453;5462;16726;23447;29094;45659;904;2758;8937;12438;23000;78152;1431;5602;17392;22959;29568;45677;"FE";"France"
"18/05/2020";839;2638;9130;13903;24221;83491;1351;5448;17227;26041;32278;50952;889;2784;8802;12830;22406;77580;1463;5502;16842;23623;29294;45931;914;2773;9005;12536;23153;78616;1445;5645;17515;23106;29740;45945;"FE";"France"
"19/05/2020";845;2662;9191;13977;24369;84009;1358;5483;17360;26238;32477;51250;896;2801;8856;12910;22562;78076;1481;5540;16942;23767;29460;46225;921;2795;9075;12616;23286;79069;1457;5686;17635;23238;29945;46188;"FE";"France"
"20/05/2020";849;2683;9262;14054;24519;84497;1366;5525;17490;26422;32688;51553;903;2830;8918;13005;22718;78548;1486;5581;17055;23907;29681;46529;926;2816;9144;12704;23419;79527;1468;5721;17753;23384;30135;46447;"FE";"France"
"21/05/2020";856;2705;9329;14147;24681;85025;1381;5569;17611;26587;32909;51839;909;2846;8975;13092;22873;79009;1495;5610;17169;24066;29883;46817;935;2835;9207;12777;23591;79967;1475;5760;17866;23543;30315;46726;"FE";"France"
"22/05/2020";862;2719;9413;14227;24826;85545;1390;5601;17738;26770;33078;52157;918;2874;9036;13173;23021;79436;1508;5651;17288;24234;30065;47095;942;2859;9277;12839;23754;80449;1484;5795;17972;23697;30487;46981;"FE";"France"
"23/05/2020";867;2730;9484;14312;24970;85999;1395;5643;17858;26931;33278;52430;924;2892;9097;13267;23185;79933;1522;5688;17416;24407;30286;47340;945;2882;9348;12928;23907;80912;1492;5842;18105;23834;30670;47279;"FE";"France"
"24/05/2020";873;2744;9535;14379;25090;86391;1409;5687;17970;27070;33437;52682;932;2923;9156;13359;23335;80436;1534;5731;17535;24568;30475;47621;952;2906;9421;13013;24072;81350;1504;5886;18218;23988;30877;47546;"FE";"France"
"25/05/2020";878;2760;9601;14476;25242;86841;1423;5718;18091;27237;33603;52929;937;2940;9214;13448;23499;80858;1545;5772;17655;24725;30630;47889;958;2922;9478;13103;24226;81787;1514;5928;18345;24170;31057;47809;"FE";"France"
"26/05/2020";884;2779;9656;14588;25382;87282;1433;5770;18208;27398;33809;53179;939;2957;9274;13513;23656;81298;1556;5806;17750;24878;30813;48135;964;2945;9538;13195;24396;82246;1524;5966;18457;24351;31241;48076;"FE";"France"
"27/05/2020";887;2792;9714;14673;25519;87725;1443;5810;18328;27547;33988;53460;945;2972;9340;13603;23785;81772;1571;5853;17862;25034;30992;48390;974;2958;9606;13276;24548;82733;1531;6000;18575;24501;31411;48355;"FE";"France"
"28/05/2020";889;2818;9768;14765;25655;88195;1460;5850;18457;27689;34189;53749;949;2991;9397;13694;23935;82223;1589;5888;17968;25198;31178;48641;981;2980;9673;13350;24697;83192;1544;6041;18701;24690;31610;48611;"FE";"France"
"29/05/2020";893;2838;9822;14849;25794;88638;1472;5887;18589;27855;34369;54005;956;3007;9454;13780;24070;82668;1598;5922;18091;25357;31358;48884;990;3001;9733;13435;24842;83665;1554;6081;18832;24835;31797;48878;"FE";"France"
"30/05/2020";902;2856;9888;14941;25929;89045;1482;5929;18711;28017;34567;54228;961;3030;9513;13864;24213;83092;1609;5948;18195;25491;31532;49149;992;3022;9792;13525;24993;84097;1561;6117;18945;24984;32029;49138;"FE";"France"
"31/05/2020";908;2878;9936;15020;26072;89482;1497;5972;18808;28168;34750;54471;966;3044;9580;13938;24347;83586;1625;5984;18310;25653;31702;49418;999;3046;9849;13607;25117;84536;1573;6157;19055;25137;32222;49382;"FE";"France"
"01/06/2020";912;2889;9988;15099;26227;89921;1509;6007;18933;28316;34943;54744;975;3063;9655;14019;24492;84038;1635;6022;18434;25811;31887;49696;1002;3061;9911;13687;25265;84946;1590;6182;19164;25306;32414;49628;"FE";"France"
"02/06/2020";922;2908;10054;15192;26376;90391;1521;6042;19057;28481;35125;55018;977;3087;9708;14099;24637;84508;1650;6058;18548;25954;32065;49991;1009;3085;9958;13774;25406;85393;1603;6222;19276;25474;32591;49902;"FE";"France"
"03/06/2020";926;2932;10106;15269;26505;90870;1531;6080;19175;28672;35292;55270;984;3102;9775;14174;24769;84974;1660;6102;18685;26115;32245;50306;1014;3105;10023;13847;25562;85849;1615;6259;19381;25627;32781;50150;"FE";"France"
"04/06/2020";933;2949;10169;15363;26648;91322;1543;6117;19309;28845;35479;55546;990;3120;9832;14263;24924;85419;1675;6133;18793;26293;32445;50574;1022;3121;10072;13937;25700;86316;1628;6291;19505;25762;32947;50417;"FE";"France"
"05/06/2020";941;2970;10221;15451;26791;91740;1556;6149;19426;28983;35663;55789;998;3138;9893;14359;25071;85821;1686;6163;18922;26457;32628;50836;1023;3137;10137;14020;25829;86719;1637;6332;19599;25917;33124;50684;"FE";"France"
"06/06/2020";953;2988;10286;15558;26955;92182;1568;6190;19548;29124;35854;56030;1004;3156;9971;14451;25210;86264;1693;6205;19038;26609;32791;51076;1030;3156;10216;14085;25956;87143;1647;6382;19706;26072;33310;50931;"FE";"France"
"07/06/2020";958;3002;10328;15633;27075;92590;1580;6220;19638;29277;36023;56281;1015;3172;10021;14545;25337;86671;1705;6245;19155;26758;32997;51329;1033;3177;10276;14169;26124;87539;1659;6417;19823;26220;33487;51177;"FE";"France"
"08/06/2020";961;3018;10372;15724;27203;93031;1590;6260;19749;29450;36183;56512;1020;3196;10082;14636;25485;87104;1713;6290;19237;26911;33199;51561;1041;3200;10348;14262;26283;87975;1671;6458;19958;26379;33670;51424;"FE";"France"
"09/06/2020";967;3036;10423;15817;27349;93497;1600;6301;19884;29600;36368;56769;1021;3208;10130;14713;25644;87511;1719;6337;19344;27074;33383;51798;1049;3208;10408;14338;26426;88396;1681;6507;20077;26505;33886;51661;"FE";"France"
"10/06/2020";972;3052;10490;15896;27502;93921;1610;6339;20008;29763;36543;57014;1026;3216;10174;14795;25788;87940;1729;6380;19463;27222;33557;52052;1058;3226;10454;14420;26551;88832;1691;6552;20183;26652;34063;51905;"FE";"France"
"11/06/2020";976;3076;10571;15992;27648;94343;1618;6385;20143;29941;36726;57276;1034;3233;10237;14889;25909;88393;1743;6424;19578;27362;33743;52295;1062;3248;10496;14499;26692;89249;1702;6587;20326;26802;34261;52167;"FE";"France"
"12/06/2020";985;3095;10634;16076;27797;94775;1628;6423;20263;30118;36890;57549;1041;3249;10301;14987;26039;88789;1757;6458;19692;27520;33914;52577;1072;3259;10567;14587;26828;89671;1710;6630;20441;26979;34458;52406;"FE";"France"
"13/06/2020";989;3110;10682;16169;27948;95229;1637;6455;20386;30277;37078;57809;1046;3268;10358;15073;26187;89256;1766;6503;19822;27666;34115;52818;1078;3281;10630;14665;26950;90051;1723;6674;20562;27122;34638;52653;"FE";"France"
"14/06/2020";998;3131;10749;16248;28089;95662;1646;6496;20503;30421;37252;58060;1048;3288;10417;15170;26334;89702;1774;6544;19938;27827;34277;53059;1081;3297;10689;14743;27069;90462;1738;6707;20686;27263;34820;52906;"FE";"France"
"15/06/2020";1003;3157;10800;16333;28235;96124;1655;6532;20618;30586;37452;58294;1060;3303;10511;15251;26471;90168;1784;6589;20058;27994;34442;53313;1087;3310;10744;14823;27205;90846;1753;6757;20830;27423;35010;53163;"FE";"France"
"16/06/2020";1007;3183;10856;16433;28384;96544;1667;6577;20731;30742;37678;58558;1065;3327;10593;15323;26610;90611;1799;6634;20170;28145;34616;53568;1092;3325;10812;14906;27353;91223;1766;6794;20939;27612;35167;53416;"FE";"France"
"17/06/2020";1015;3203;10914;16523;28544;96968;1676;6612;20834;30873;37865;58822;1072;3349;10663;15419;26756;91085;1805;6677;20303;28318;34805;53829;1097;3341;10879;14976;27502;91634;1770;6819;21064;27773;35320;53663;"FE";"France"
"18/06/2020";1024;3216;10975;16610;28684;97421;1685;6647;20958;31030;38041;59098;1076;3368;10719;15508;26892;91536;1814;6728;20424;28475;34980;54112;1104;3351;10943;15045;27632;92057;1783;6867;21165;27946;35480;53907;"FE";"France"
"19/06/2020";1033;3239;11026;16697;28809;97858;1692;6683;21083;31182;38229;59364;1086;3383;10786;15603;27041;92021;1821;6774;20562;28646;35164;54356;1109;3369;11012;15134;27755;92482;1791;6921;21301;28108;35637;54186;"FE";"France"
"20/06/2020";1037;3253;11079;16791;28957;98287;1705;6726;21181;31352;38418;59619;1090;3405;10857;15692;27177;92479;1831;6801;20686;28804;35343;54625;1120;3388;11085;15207;27910;92952;1801;6948;21418;28278;35832;54423;"FE";"France"
"21/06/2020";1042;3274;11131;16875;29106;98776;1711;6758;21280;31506;38612;59889;1094;3423;10912;15779;27314;92894;1841;6842;20815;28955;35533;54865;1124;3402;11148;15282;28052;93409;1812;6988;21537;28461;36029;54673;"FE";"France"
"22/06/2020";1047;3290;11197;16965;29261;99240;1721;6804;21413;31675;38818;60158;1099;3439;10971;15867;27435;93316;1851;6884;20933;29105;35717;55112;1132;3435;11209;15364;28193;93826;1823;7024;21658;28618;36211;54930;"FE";"France"
"23/06/2020";1052;3310;11259;17051;29399;99733;1730;6852;21524;31850;39026;60468;1104;3459;11021;15946;27581;93769;1872;6917;21059;29243;35890;55364;1136;3458;11266;15443;28334;94184;1833;7053;21772;28781;36384;55183;"FE";"France"
"24/06/2020";1061;3327;11309;17155;29562;100180;1737;6903;21647;32028;39207;60750;1110;3481;11081;16041;27726;94208;1883;6955;21178;29412;36105;55616;1141;3478;11331;15518;28459;94621;1845;7100;21908;28923;36560;55413;"FE";"France"
"25/06/2020";1066;3345;11371;17251;29720;100694;1752;6943;21767;32220;39411;61052;1115;3502;11159;16129;27866;94655;1897;6993;21301;29571;36303;55880;1147;3495;11391;15587;28583;95058;1855;7137;22029;29089;36741;55665;"FE";"France"
"26/06/2020";1073;3373;11428;17333;29879;101187;1763;6999;21901;32422;39615;61354;1123;3517;11221;16217;28031;95124;1910;7028;21426;29720;36515;56173;1154;3518;11452;15673;28739;95478;1865;7187;22158;29257;36930;55954;"FE";"France"
"27/06/2020";1076;3388;11495;17433;30024;101674;1781;7031;22017;32568;39778;61627;1131;3544;11289;16322;28174;95574;1934;7079;21548;29871;36721;56455;1167;3538;11540;15756;28909;95947;1872;7226;22262;29379;37142;56233;"FE";"France"
"28/06/2020";1082;3400;11554;17536;30158;102111;1788;7054;22119;32722;39944;61873;1135;3566;11348;16434;28323;96023;1953;7119;21690;30048;36926;56744;1173;3569;11591;15834;29064;96408;1879;7273;22374;29547;37347;56529;"FE";"France"
"29/06/2020";1088;3419;11604;17618;30280;102517;1801;7090;22231;32861;40125;62122;1142;3587;11410;16544;28473;96518;1967;7163;21815;30204;37092;57025;1179;3589;11653;15911;29231;96889;1889;7309;22495;29707;37536;56782;"FE";"France"
"30/06/2020";1092;3439;11662;17708;30421;102926;1811;7140;22322;33043;40311;62367;1145;3611;11462;16639;28627;97021;1986;7206;21945;30368;37295;57331;1187;3607;11714;15995;29386;97350;1904;7344;22610;29868;37705;57057;"FE";"France"
"01/07/2020";1098;3455;11727;17793;30583;103354;1818;7189;22436;33213;40480;62596;1152;3631;11535;16731;28763;97505;1994;7263;22068;30553;37486;57608;1195;3626;11778;16089;29560;97847;1919;7394;22733;30037;37915;57349;"FE";"France"
"02/07/2020";1103;3476;11791;17875;30725;103773;1826;7231;22555;33382;40669;62842;1160;3644;11594;16824;28903;97931;1999;7296;22186;30724;37677;57877;1205;3639;11846;16164;29722;98333;1932;7426;22857;30186;38131;57647;"FE";"France"
"03/07/2020";1109;3497;11854;17955;30838;104196;1835;7277;22662;33549;40846;63057;1167;3664;11655;16914;29048;98381;2007;7337;22308;30899;37866;58106;1215;3664;11926;16247;29885;98795;1949;7463;22982;30370;38334;57935;"FE";"France"
"04/07/2020";1118;3512;11920;18050;30949;104577;1847;7308;22753;33703;41037;63305;1175;3683;11738;17000;29213;98800;2021;7369;22418;31060;38066;58347;1224;3681;11983;16332;30030;99264;1956;7507;23114;30506;38530;58236;"FE";"France"
"05/07/2020";1126;3525;11988;18140;31078;105040;1860;7355;22854;33878;41219;63558;1185;3706;11796;17083;29349;99240;2031;7416;22543;31248;38247;58616;1230;3705;12050;16422;30180;99689;1971;7539;23225;30661;38735;58529;"FE";"France"
"06/07/2020";1133;3539;12050;18228;31216;105469;1870;7386;22957;34045;41417;63801;1190;3737;11866;17163;29505;99709;2050;7460;22681;31412;38435;58895;1240;3728;12109;16487;30307;100148;1987;7574;23362;30833;38914;58757;"FE";"France"
"07/07/2020";1143;3563;12104;18316;31350;105897;1882;7437;23103;34190;41598;64031;1196;3759;11923;17242;29634;100145;2060;7493;22810;31563;38629;59185;1247;3746;12183;16573;30437;100560;2000;7618;23475;30987;39116;59024;"FE";"France"
"08/07/2020";1150;3589;12156;18413;31491;106317;1890;7470;23221;34360;41761;64258;1199;3777;11981;17320;29775;100575;2070;7531;22925;31709;38806;59418;1253;3765;12241;16653;30572;100980;2018;7670;23598;31130;39327;59247;"FE";"France"
"09/07/2020";1153;3602;12214;18501;31642;106834;1905;7505;23346;34505;41958;64518;1202;3797;12035;17399;29930;101004;2088;7559;23039;31871;39015;59661;1260;3782;12310;16751;30738;101417;2035;7714;23697;31302;39509;59489;"FE";"France"
"10/07/2020";1158;3625;12276;18600;31802;107332;1915;7544;23477;34657;42140;64792;1212;3820;12092;17479;30049;101432;2098;7599;23148;32031;39193;59898;1267;3809;12381;16855;30876;101848;2043;7770;23810;31438;39711;59747;"FE";"France"
"11/07/2020";1163;3641;12329;18702;31926;107738;1930;7576;23584;34812;42313;65040;1220;3850;12153;17571;30209;101851;2122;7638;23279;32202;39407;60165;1272;3829;12450;16941;31000;102282;2057;7806;23914;31581;39885;59989;"FE";"France"
"12/07/2020";1166;3661;12404;18780;32083;108129;1938;7603;23691;34975;42487;65292;1221;3868;12232;17678;30354;102307;2133;7677;23395;32359;39594;60419;1281;3846;12513;17017;31144;102693;2071;7855;24017;31745;40075;60221;"FE";"France"
"13/07/2020";1171;3685;12471;18867;32228;108524;1949;7634;23812;35140;42687;65527;1227;3886;12289;17759;30496;102729;2146;7721;23521;32509;39780;60703;1289;3873;12564;17103;31294;103116;2076;7910;24151;31891;40244;60479;"FE";"France"
"14/07/2020";1183;3700;12531;18943;32369;108957;1967;7682;23931;35296;42872;65776;1233;3900;12354;17834;30628;103178;2156;7755;23618;32664;39943;60937;1292;3895;12622;17184;31454;103522;2088;7951;24271;32041;40418;60744;"FE";"France"
"15/07/2020";1188;3717;12598;19018;32498;109390;1982;7725;24052;35470;43057;66006;1239;3920;12430;17908;30766;103578;2170;7802;23742;32822;40094;61141;1299;3917;12679;17273;31603;103960;2100;8001;24389;32175;40599;60978;"FE";"France"
"16/07/2020";1192;3734;12657;19111;32648;109810;1997;7764;24170;35635;43209;66243;1253;3941;12485;18002;30894;103980;2180;7851;23869;32979;40273;61379;1307;3935;12735;17368;31749;104407;2110;8045;24529;32344;40795;61249;"FE";"France"
"17/07/2020";1200;3753;12712;19203;32785;110226;2008;7805;24267;35798;43410;66526;1257;3955;12560;18072;31029;104371;2190;7900;23985;33130;40499;61673;1315;3949;12800;17453;31897;104836;2120;8086;24649;32502;40996;61514;"FE";"France"
"18/07/2020";1205;3769;12760;19283;32940;110625;2016;7844;24392;35962;43573;66771;1265;3973;12636;18155;31178;104809;2198;7938;24109;33303;40680;61927;1320;3962;12871;17530;32043;105269;2129;8136;24763;32670;41200;61772;"FE";"France"
"19/07/2020";1208;3791;12818;19362;33085;111075;2029;7877;24499;36107;43733;67016;1270;3995;12705;18230;31338;105251;2208;7984;24226;33478;40854;62206;1322;3984;12943;17624;32224;105732;2137;8174;24879;32839;41380;62032;"FE";"France"
"20/07/2020";1215;3813;12872;19444;33239;111525;2043;7911;24615;36287;43899;67309;1274;4017;12774;18309;31495;105709;2226;8019;24359;33650;41064;62464;1323;4004;13006;17703;32381;106158;2152;8223;25012;32984;41544;62300;"FE";"France"
"21/07/2020";1226;3830;12931;19537;33394;111940;2059;7950;24731;36474;44091;67525;1280;4041;12817;18394;31630;106102;2237;8060;24491;33790;41234;62734;1331;4021;13068;17788;32517;106567;2166;8262;25119;33130;41750;62572;"FE";"France"
"22/07/2020";1229;3848;12983;19611;33515;112384;2072;7992;24854;36623;44278;67804;1290;4058;12885;18474;31805;106520;2247;8099;24586;33970;41437;63005;1337;4043;13135;17879;32644;106946;2179;8315;25242;33280;41917;62802;"FE";"France"
"23/07/2020";1235;3870;13050;19719;33650;112843;2083;8021;24966;36790;44462;68057;1294;4077;12940;18562;31960;106986;2255;8138;24719;34134;41643;63286;1339;4063;13209;17946;32803;107360;2185;8343;25380;33445;42134;63052;"FE";"France"
"24/07/2020";1240;3886;13114;19805;33815;113295;2096;8060;25087;36974;44651;68305;1300;4096;13001;18669;32132;107477;2266;8165;24841;34307;41848;63594;1346;4082;13262;18021;32975;107794;2196;8394;25504;33609;42335;63318;"FE";"France"
"25/07/2020";1251;3897;13182;19892;33951;113738;2104;8089;25204;37189;44832;68591;1306;4125;13069;18769;32318;108049;2277;8214;24974;34492;42050;63914;1353;4098;13336;18113;33121;108291;2207;8439;25638;33793;42526;63601;"FE";"France"
"26/07/2020";1262;3920;13235;19968;34111;114194;2122;8131;25315;37340;44993;68831;1313;4150;13130;18873;32498;108641;2286;8253;25105;34683;42255;64238;1361;4131;13410;18199;33278;108747;2218;8467;25752;33957;42720;63879;"FE";"France"
"27/07/2020";1266;3941;13316;20061;34240;114623;2139;8160;25438;37500;45193;69105;1324;4168;13196;18952;32639;109076;2298;8302;25223;34837;42440;64514;1375;4150;13484;18284;33428;109252;2233;8513;25871;34137;42930;64165;"FE";"France"
"28/07/2020";1276;3960;13370;20164;34399;115104;2153;8205;25552;37646;45370;69354;1330;4188;13253;19042;32767;109496;2310;8342;25330;34991;42603;64791;1377;4169;13544;18359;33597;109724;2243;8544;26009;34289;43118;64444;"FE";"France"
"29/07/2020";1282;3979;13441;20252;34546;115520;2164;8236;25669;37792;45574;69631;1338;4214;13317;19122;32912;109870;2323;8385;25440;35144;42791;65039;1381;4187;13603;18446;33752;110162;2254;8583;26132;34457;43292;64670;"FE";"France"
"30/07/2020";1290;3998;13519;20345;34709;115972;2176;8265;25774;37957;45776;69914;1346;4233;13375;19210;33053;110278;2334;8432;25567;35305;42957;65272;1388;4218;13674;18537;33925;110615;2263;8632;26257;34625;43466;64920;"FE";"France"
"31/07/2020";1303;4019;13578;20422;34871;116487;2184;8313;25919;38146;45993;70209;1356;4252;13437;19296;33208;110678;2340;8465;25667;35440;43123;65515;1392;4243;13731;18612;34074;111045;2274;8679;26391;34804;43656;65179;"FE";"France"
"01/08/2020";1309;4038;13638;20514;35025;116956;2201;8351;26025;38309;46193;70497;1365;4268;13497;19392;33350;111131;2348;8505;25761;35599;43288;65775;1400;4273;13782;18696;34210;111509;2285;8726;26526;34937;43848;65451;"FE";"France"
"02/08/2020";1315;4054;13678;20608;35182;117380;2212;8403;26113;38466;46403;70752;1376;4289;13556;19476;33497;111591;2360;8546;25890;35746;43458;66027;1409;4288;13841;18775;34383;111937;2298;8768;26643;35078;44039;65672;"FE";"France"
"03/08/2020";1322;4072;13725;20707;35309;117819;2223;8452;26224;38633;46577;70981;1385;4299;13614;19564;33630;112035;2378;8584;25995;35898;43654;66285;1419;4302;13914;18857;34525;112378;2312;8805;26780;35248;44231;65914;"FE";"France"
"04/08/2020";1331;4088;13770;20795;35442;118225;2234;8502;26336;38792;46771;71246;1390;4315;13668;19638;33770;112478;2384;8624;26104;36060;43844;66540;1430;4329;13978;18953;34685;112838;2322;8855;26892;35418;44445;66191;"FE";"France"
"05/08/2020";1337;4108;13820;20883;35590;118613;2246;8538;26447;38968;46956;71505;1394;4332;13725;19710;33907;112914;2390;8653;26238;36229;44001;66815;1437;4347;14041;19050;34857;113277;2330;8903;27018;35556;44661;66448;"FE";"France"
"06/08/2020";1348;4122;13886;20991;35725;119048;2260;8591;26580;39139;47152;71782;1398;4347;13798;19792;34048;113375;2402;8687;26362;36389;44195;67078;1440;4369;14102;19140;35004;113739;2342;8954;27151;35738;44870;66746;"FE";"France"
"07/08/2020";1353;4143;13944;21085;35895;119494;2272;8636;26698;39332;47336;72057;1410;4366;13865;19885;34197;113833;2410;8722;26467;36534;44393;67306;1450;4390;14161;19238;35178;114239;2358;9001;27302;35917;45079;67050;"FE";"France"
"08/08/2020";1359;4157;14000;21190;36043;119946;2288;8688;26827;39495;47536;72364;1414;4386;13938;19975;34355;114253;2420;8753;26600;36690;44568;67545;1454;4409;14227;19339;35346;114679;2371;9041;27441;36097;45286;67334;"FE";"France"
"09/08/2020";1365;4179;14071;21303;36187;120449;2301;8728;26932;39653;47762;72645;1420;4410;14000;20069;34491;114738;2425;8804;26733;36856;44773;67809;1459;4428;14289;19422;35510;115136;2374;9082;27575;36255;45449;67580;"FE";"France"
"10/08/2020";1374;4194;14158;21414;36360;120986;2313;8780;27076;39835;47975;72943;1424;4428;14061;20145;34647;115145;2436;8838;26843;37012;44947;68076;1470;4448;14336;19513;35650;115534;2390;9111;27699;36399;45643;67801;"FE";"France"
"11/08/2020";1381;4209;14234;21519;36531;121498;2324;8820;27213;40050;48200;73254;1433;4449;14112;20237;34796;115552;2449;8869;26949;37147;45126;68294;1477;4464;14388;19583;35779;115914;2403;9156;27801;36558;45851;68036;"FE";"France"
"12/08/2020";1384;4224;14300;21632;36710;122037;2332;8868;27347;40245;48425;73567;1441;4470;14170;20306;34945;115966;2459;8903;27075;37291;45291;68537;1487;4484;14441;19671;35936;116343;2416;9183;27929;36712;46029;68293;"FE";"France"
"13/08/2020";1389;4247;14364;21732;36887;122583;2340;8915;27471;40430;48632;73870;1443;4489;14238;20399;35103;116330;2466;8951;27175;37442;45459;68786;1495;4501;14499;19757;36076;116793;2425;9219;28043;36842;46227;68558;"FE";"France"
"14/08/2020";1395;4274;14426;21826;37039;123025;2354;8958;27588;40622;48816;74138;1449;4508;14284;20474;35241;116743;2476;8983;27291;37599;45637;69053;1496;4527;14571;19839;36217;117244;2440;9258;28166;36998;46414;68790;"FE";"France"
"15/08/2020";1401;4296;14493;21920;37219;123485;2369;9000;27711;40769;48995;74419;1455;4519;14338;20553;35383;117172;2489;9032;27382;37762;45794;69315;1501;4555;14636;19910;36346;117651;2451;9294;28266;37127;46588;69020;"FE";"France"
"16/08/2020";1408;4316;14573;22013;37362;123925;2376;9038;27815;40921;49188;74718;1461;4533;14399;20637;35528;117606;2501;9063;27506;37927;45956;69564;1507;4582;14702;19997;36497;118061;2464;9342;28370;37268;46764;69253;"FE";"France"
"17/08/2020";1412;4320;14622;22103;37481;124355;2395;9073;27938;41080;49352;75012;1474;4549;14467;20734;35676;118027;2513;9097;27616;38086;46132;69822;1520;4607;14774;20080;36635;118456;2479;9370;28478;37415;46972;69518;"FE";"France"
"18/08/2020";1413;4337;14697;22202;37646;124795;2407;9115;28039;41256;49549;75283;1480;4569;14526;20830;35817;118445;2521;9141;27700;38231;46318;70076;1527;4625;14843;20167;36758;118841;2499;9406;28590;37551;47126;69762;"FE";"France"
"19/08/2020";1419;4355;14754;22298;37801;125258;2413;9160;28137;41401;49744;75536;1484;4586;14594;20910;35965;118843;2536;9180;27820;38382;46490;70325;1536;4647;14899;20241;36875;119252;2512;9437;28718;37683;47291;70002;"FE";"France"
"20/08/2020";1427;4390;14810;22399;37947;125713;2424;9221;28243;41545;49934;75801;1490;4606;14647;20990;36094;119338;2545;9208;27934;38520;46656;70589;1544;4667;14959;20320;37016;119702;2520;9478;28857;37837;47476;70266;"FE";"France"
"21/08/2020";1438;4403;14878;22509;38097;126148;2436;9247;28376;41718;50112;76055;1501;4634;14699;21077;36239;119790;2557;9252;28035;38674;46847;70836;1550;4694;15026;20404;37164;120159;2530;9521;28977;37995;47667;70529;"FE";"France"
"22/08/2020";1440;4415;14947;22593;38232;126632;2446;9281;28475;41870;50309;76299;1508;4662;14757;21144;36387;120175;2572;9292;28157;38809;47038;71047;1558;4707;15083;20490;37331;120600;2544;9564;29096;38151;47887;70778;"FE";"France"
"23/08/2020";1445;4435;15006;22686;38365;127073;2455;9326;28591;42017;50473;76547;1521;4686;14836;21234;36557;120611;2588;9328;28266;38975;47223;71309;1563;4733;15160;20565;37464;121076;2558;9612;29217;38304;48055;71050;"FE";"France"
"24/08/2020";1451;4456;15064;22768;38521;127531;2468;9370;28712;42171;50676;76818;1526;4715;14885;21332;36689;121084;2597;9367;28401;39114;47421;71573;1570;4763;15233;20652;37578;121492;2566;9649;29324;38469;48241;71315;"FE";"France"
"25/08/2020";1458;4468;15113;22872;38673;127924;2477;9417;28820;42339;50863;77092;1530;4731;14943;21422;36846;121578;2604;9417;28505;39284;47607;71803;1574;4783;15280;20728;37717;121906;2579;9678;29434;38635;48438;71565;"FE";"France"
"26/08/2020";1466;4492;15180;22963;38834;128391;2484;9462;28936;42523;51051;77340;1536;4760;15002;21499;36993;122067;2617;9462;28620;39434;47783;72079;1581;4808;15320;20815;37858;122307;2589;9715;29547;38776;48601;71795;"FE";"France"
"27/08/2020";1469;4515;15256;23065;38993;128846;2494;9508;29049;42684;51229;77583;1545;4782;15081;21590;37163;122586;2624;9503;28719;39594;47962;72356;1586;4827;15393;20897;38019;122720;2598;9745;29668;38932;48784;72061;"FE";"France"
"28/08/2020";1476;4525;15314;23180;39142;129286;2507;9543;29160;42878;51429;77867;1552;4807;15147;21697;37298;123110;2633;9538;28833;39746;48171;72614;1594;4844;15461;20990;38165;123183;2611;9796;29772;39089;48973;72334;"FE";"France"
"29/08/2020";1480;4549;15371;23272;39278;129686;2513;9582;29269;43048;51626;78129;1555;4824;15221;21790;37469;123560;2646;9572;28954;39913;48355;72874;1601;4865;15531;21074;38350;123633;2624;9828;29887;39228;49172;72592;"FE";"France"
"30/08/2020";1484;4571;15432;23345;39436;130080;2521;9606;29382;43199;51794;78369;1562;4842;15304;21880;37634;123981;2658;9620;29076;40058;48577;73173;1605;4882;15587;21146;38502;124015;2630;9867;30000;39386;49353;72834;"FE";"France"
"31/08/2020";1488;4592;15489;23454;39592;130475;2536;9636;29512;43369;51989;78602;1564;4863;15345;21970;37788;124414;2681;9653;29178;40219;48752;73413;1611;4907;15647;21240;38650;124442;2647;9901;30111;39543;49545;73033;"FE";"France"
"01/09/2020";1492;4608;15554;23535;39737;130920;2541;9691;29621;43540;52170;78863;1566;4887;15399;22053;37917;124887;2691;9693;29293;40371;48910;73683;1614;4928;15701;21325;38787;124843;2654;9933;30213;39677;49731;73270;"FE";"France"
"02/09/2020";1501;4618;15607;23630;39873;131357;2546;9727;29733;43718;52351;79124;1572;4904;15459;22133;38072;125311;2705;9743;29402;40521;49080;73924;1619;4942;15751;21406;38915;125248;2665;9977;30324;39810;49910;73517;"FE";"France"
"03/09/2020";1508;4631;15669;23735;40029;131779;2565;9767;29852;43890;52531;79383;1579;4923;15517;22238;38196;125728;2713;9774;29525;40670;49250;74201;1623;4962;15815;21498;39054;125646;2671;10017;30457;39968;50094;73757;"FE";"France"
"04/09/2020";1512;4655;15724;23849;40167;132303;2572;9813;29979;44068;52728;79644;1588;4937;15576;22324;38348;126218;2725;9818;29613;40824;49444;74425;1627;4980;15885;21600;39211;126081;2677;10062;30586;40117;50278;74018;"FE";"France"
"05/09/2020";1519;4681;15781;23954;40321;132771;2585;9852;30088;44228;52926;79935;1595;4954;15636;22399;38485;126620;2730;9859;29714;40975;49630;74659;1633;5005;15957;21704;39372;126533;2690;10103;30695;40264;50467;74310;"FE";"France"
"06/09/2020";1525;4707;15835;24055;40479;133195;2594;9890;30193;44382;53097;80181;1602;4974;15695;22485;38630;127022;2742;9899;29827;41125;49802;74926;1641;5026;16033;21790;39524;126971;2704;10134;30817;40409;50647;74597;"FE";"France"
"07/09/2020";1530;4727;15885;24147;40639;133657;2607;9928;30308;44555;53284;80463;1615;4991;15759;22569;38792;127489;2756;9930;29911;41283;49984;75167;1648;5043;16109;21890;39684;127396;2713;10189;30931;40584;50847;74865;"FE";"France"
"08/09/2020";1537;4747;15942;24244;40805;134111;2615;9967;30417;44747;53491;80728;1620;5001;15824;22647;38945;127916;2766;9961;30015;41460;50155;75405;1655;5058;16170;21979;39803;127812;2718;10234;31041;40715;51043;75086;"FE";"France"
"09/09/2020";1539;4767;16012;24337;40975;134594;2625;10010;30550;44916;53692;80999;1625;5022;15889;22735;39075;128356;2769;10004;30122;41635;50343;75662;1661;5081;16237;22049;39953;128243;2732;10275;31143;40867;51243;75356;"FE";"France"
"10/09/2020";1545;4788;16074;24436;41105;135086;2634;10063;30688;45067;53884;81291;1631;5042;15949;22820;39229;128789;2778;10049;30236;41798;50514;75927;1667;5097;16314;22121;40109;128694;2744;10316;31272;41033;51413;75626;"FE";"France"
"11/09/2020";1554;4805;16146;24519;41257;135592;2645;10102;30811;45239;54095;81557;1640;5061;16028;22906;39381;129242;2791;10095;30337;41960;50692;76180;1676;5113;16381;22208;40261;129157;2758;10355;31407;41203;51587;75859;"FE";"France"
"12/09/2020";1558;4827;16202;24599;41402;136095;2652;10150;30940;45421;54271;81834;1647;5083;16083;22994;39540;129700;2801;10139;30460;42101;50871;76438;1686;5136;16449;22285;40411;129609;2771;10394;31509;41374;51775;76133;"FE";"France"
"13/09/2020";1569;4852;16256;24684;41562;136578;2659;10189;31057;45593;54490;82135;1657;5100;16158;23089;39692;130153;2812;10176;30572;42256;51045;76740;1697;5167;16521;22365;40566;130081;2778;10428;31621;41545;51974;76388;"FE";"France"
"14/09/2020";1582;4877;16321;24766;41748;137053;2665;10242;31196;45764;54694;82431;1662;5114;16224;23163;39823;130605;2824;10222;30695;42419;51219;77000;1702;5190;16575;22450;40710;130519;2792;10468;31733;41697;52166;76660;"FE";"France"
"15/09/2020";1590;4898;16396;24859;41909;137559;2677;10289;31340;45948;54925;82776;1671;5132;16265;23245;39963;131098;2835;10263;30803;42561;51424;77255;1705;5212;16635;22535;40853;130990;2799;10511;31841;41848;52365;76895;"FE";"France"
"16/09/2020";1595;4917;16460;24954;42057;138079;2680;10333;31439;46124;55151;83091;1682;5164;16322;23346;40122;131556;2853;10313;30936;42729;51599;77512;1708;5238;16691;22603;40991;131449;2812;10555;31950;41981;52521;77128;"FE";"France"
"17/09/2020";1598;4943;16511;25048;42204;138594;2684;10379;31565;46294;55364;83364;1688;5183;16381;23432;40295;132035;2860;10359;31050;42903;51784;77777;1717;5254;16755;22685;41135;131886;2824;10602;32082;42130;52725;77394;"FE";"France"
"18/09/2020";1600;4959;16591;25138;42367;139114;2696;10421;31705;46470;55575;83670;1695;5200;16424;23515;40441;132463;2873;10393;31160;43068;51971;78023;1723;5278;16809;22756;41285;132332;2832;10624;32203;42283;52929;77655;"FE";"France"
"19/09/2020";1608;4978;16666;25255;42538;139648;2704;10444;31816;46647;55803;83968;1700;5214;16474;23611;40597;132906;2886;10446;31279;43217;52159;78285;1726;5304;16875;22835;41435;132793;2836;10665;32307;42457;53122;77916;"FE";"France"
"20/09/2020";1614;4993;16739;25357;42683;140175;2715;10490;31937;46776;56011;84256;1711;5243;16540;23686;40750;133368;2900;10499;31403;43387;52361;78574;1731;5319;16941;22924;41589;133220;2850;10707;32434;42628;53325;78192;"FE";"France"
"21/09/2020";1620;5011;16803;25453;42834;140660;2726;10526;32077;46959;56209;84525;1717;5266;16606;23786;40899;133842;2912;10547;31525;43553;52571;78850;1737;5338;17021;22989;41740;133685;2865;10743;32555;42773;53529;78433;"FE";"France"
"22/09/2020";1629;5030;16855;25545;42969;141124;2733;10565;32203;47123;56413;84802;1726;5283;16660;23868;41023;134331;2924;10585;31633;43728;52748;79154;1745;5364;17076;23060;41877;134134;2879;10782;32671;42919;53705;78685;"FE";"France"
"23/09/2020";1639;5049;16921;25651;43116;141570;2743;10590;32316;47280;56614;85078;1730;5302;16717;23952;41181;134787;2933;10620;31755;43877;52925;79411;1750;5385;17150;23144;42026;134542;2900;10822;32796;43064;53870;78954;"FE";"France"
"24/09/2020";1648;5071;16982;25742;43273;142014;2754;10629;32434;47465;56821;85339;1734;5320;16782;24046;41328;135173;2940;10660;31864;44039;53095;79678;1753;5408;17208;23215;42148;134953;2910;10862;32922;43223;54062;79208;"FE";"France"
"25/09/2020";1651;5103;17045;25845;43411;142469;2762;10674;32539;47631;57030;85596;1739;5333;16840;24142;41476;135624;2952;10695;31985;44170;53294;79965;1758;5431;17270;23312;42314;135366;2927;10904;33043;43382;54251;79420;"FE";"France"
"26/09/2020";1660;5124;17109;25931;43552;142917;2775;10724;32666;47792;57222;85864;1743;5353;16905;24242;41637;136094;2958;10741;32093;44330;53491;80238;1766;5450;17319;23375;42458;135781;2937;10933;33162;43541;54437;79672;"FE";"France"
"27/09/2020";1663;5142;17167;26035;43692;143390;2783;10757;32767;47944;57402;86162;1751;5370;16958;24339;41793;136538;2965;10779;32206;44474;53677;80501;1772;5468;17389;23475;42621;136240;2952;10977;33288;43697;54643;79921;"FE";"France"
"28/09/2020";1671;5169;17239;26133;43842;143868;2791;10794;32893;48147;57610;86464;1756;5384;17027;24432;41956;136963;2979;10815;32320;44653;53864;80768;1776;5489;17451;23566;42805;136694;2967;11012;33419;43854;54849;80203;"FE";"France"
"29/09/2020";1680;5192;17313;26225;44005;144371;2799;10843;33023;48320;57817;86739;1763;5402;17070;24508;42087;137431;2993;10864;32427;44799;54065;81036;1781;5506;17511;23633;42961;137164;2977;11046;33531;44008;55036;80485;"FE";"France"
"30/09/2020";1686;5205;17378;26330;44161;144919;2806;10883;33161;48503;58024;87024;1773;5424;17145;24615;42235;137892;3002;10887;32543;44963;54245;81298;1791;5535;17571;23718;43101;137606;2992;11084;33628;44154;55196;80726;"FE";"France"
"01/10/2020";1695;5224;17448;26432;44324;145444;2812;10920;33272;48710;58230;87350;1783;5435;17215;24710;42394;138359;3011;10937;32660;45128;54446;81573;1797;5564;17632;23805;43272;138055;3002;11132;33739;44297;55384;80995;"FE";"France"
"02/10/2020";1703;5242;17505;26545;44487;145965;2820;10957;33381;48893;58452;87660;1793;5448;17285;24794;42550;138837;3024;10979;32771;45288;54643;81847;1801;5592;17696;23879;43418;138492;3012;11173;33881;44451;55589;81267;"FE";"France"
"03/10/2020";1710;5270;17567;26654;44672;146478;2835;10995;33494;49066;58640;87966;1796;5467;17351;24877;42706;139276;3036;11015;32911;45458;54842;82130;1810;5611;17761;23963;43594;138947;3023;11210;34002;44618;55773;81553;"FE";"France"
"04/10/2020";1716;5292;17625;26747;44824;146995;2845;11031;33611;49246;58867;88258;1799;5486;17416;24974;42866;139734;3045;11044;33022;45634;55048;82393;1817;5625;17827;24057;43767;139483;3032;11253;34105;44767;55987;81864;"FE";"France"
"05/10/2020";1721;5311;17684;26846;45011;147463;2855;11070;33730;49407;59091;88565;1802;5502;17466;25069;43024;140202;3047;11093;33134;45804;55225;82677;1826;5645;17897;24144;43930;139989;3039;11291;34222;44941;56184;82121;"FE";"France"
"06/10/2020";1729;5335;17776;26947;45186;147960;2867;11115;33865;49605;59307;88875;1805;5516;17544;25168;43172;140677;3058;11122;33222;45961;55426;82972;1842;5660;17958;24237;44084;140443;3050;11346;34356;45115;56402;82410;"FE";"France"
"07/10/2020";1735;5361;17847;27055;45335;148421;2877;11159;33988;49787;59523;89182;1812;5528;17613;25257;43324;141134;3073;11163;33340;46142;55599;83256;1846;5681;18004;24327;44208;140903;3058;11391;34470;45274;56576;82683;"FE";"France"
"08/10/2020";1744;5386;17905;27150;45511;148947;2892;11195;34103;49967;59742;89469;1816;5547;17675;25357;43476;141593;3083;11201;33459;46323;55809;83526;1854;5700;18061;24393;44350;141366;3067;11438;34577;45416;56749;82970;"FE";"France"
"09/10/2020";1752;5408;17972;27247;45684;149447;2904;11247;34246;50162;60004;89776;1827;5567;17737;25431;43626;142056;3096;11247;33575;46511;56000;83781;1862;5711;18123;24488;44493;141868;3076;11480;34690;45599;56955;83251;"FE";"France"
"10/10/2020";1756;5431;18023;27342;45830;149939;2909;11280;34370;50356;60231;90082;1833;5589;17802;25539;43803;142504;3107;11296;33699;46665;56166;84072;1868;5732;18185;24576;44667;142356;3089;11521;34811;45737;57160;83556;"FE";"France"
"11/10/2020";1759;5456;18078;27436;45975;150396;2915;11316;34482;50528;60454;90382;1837;5615;17878;25641;43953;142976;3123;11336;33823;46815;56370;84373;1874;5759;18250;24654;44817;142825;3098;11555;34955;45910;57407;83840;"FE";"France"
"12/10/2020";1762;5476;18134;27529;46149;150905;2924;11356;34620;50689;60676;90716;1841;5640;17928;25738;44091;143466;3134;11384;33939;46979;56564;84663;1878;5779;18316;24743;44966;143335;3110;11603;35076;46072;57595;84137;"FE";"France"
"13/10/2020";1767;5490;18189;27632;46307;151396;2929;11391;34758;50891;60889;91019;1845;5664;18003;25836;44229;143967;3148;11425;34053;47126;56780;84935;1882;5807;18371;24833;45151;143802;3116;11650;35176;46236;57780;84407;"FE";"France"
"14/10/2020";1773;5504;18259;27733;46488;151907;2935;11425;34881;51062;61099;91318;1852;5679;18085;25930;44365;144432;3157;11464;34188;47308;56992;85229;1887;5826;18437;24921;45306;144293;3127;11691;35312;46390;57962;84665;"FE";"France"
"15/10/2020";1780;5526;18319;27850;46656;152439;2943;11460;35005;51248;61315;91644;1858;5693;18157;26024;44531;144903;3174;11495;34315;47458;57216;85498;1898;5848;18507;25002;45473;144769;3137;11730;35436;46573;58155;84948;"FE";"France"
"16/10/2020";1792;5540;18384;27958;46838;152929;2955;11495;35122;51461;61569;91968;1865;5712;18213;26129;44694;145411;3183;11536;34442;47621;57419;85766;1905;5872;18577;25095;45632;145259;3145;11771;35571;46734;58359;85195;"FE";"France"
"17/10/2020";1800;5557;18461;28073;46990;153483;2972;11538;35255;51635;61791;92307;1876;5735;18278;26223;44852;145868;3191;11578;34557;47791;57616;86019;1915;5891;18641;25186;45786;145723;3159;11807;35695;46882;58553;85472;"FE";"France"
"18/10/2020";1805;5576;18520;28158;47164;154017;2980;11580;35370;51799;62005;92649;1880;5756;18333;26312;44991;146329;3204;11616;34684;47972;57815;86312;1924;5905;18705;25280;45940;146199;3167;11847;35828;47016;58723;85746;"FE";"France"
"19/10/2020";1808;5600;18594;28256;47338;154522;2988;11617;35505;51978;62273;93012;1891;5773;18392;26398;45162;146795;3213;11650;34787;48135;58050;86564;1930;5919;18766;25360;46102;146654;3184;11891;35953;47173;58909;86001;"FE";"France"
"20/10/2020";1815;5617;18653;28347;47519;155109;2995;11657;35637;52188;62523;93378;1896;5789;18462;26470;45321;147311;3230;11680;34893;48310;58246;86827;1939;5940;18830;25446;46238;147055;3196;11927;36060;47337;59117;86271;"FE";"France"
"21/10/2020";1823;5633;18723;28457;47736;155712;3005;11704;35773;52407;62793;93737;1904;5813;18521;26555;45492;147825;3245;11714;35013;48447;58411;87113;1944;5965;18880;25521;46398;147517;3206;11954;36176;47477;59278;86522;"FE";"France"
"22/10/2020";1828;5657;18792;28573;47926;156315;3020;11740;35896;52610;63074;94119;1910;5831;18577;26644;45645;148310;3257;11756;35136;48612;58606;87378;1949;5984;18934;25610;46556;147989;3218;11994;36305;47622;59474;86763;"FE";"France"
"23/10/2020";1832;5672;18868;28673;48107;156901;3033;11780;36031;52834;63330;94504;1918;5851;18644;26738;45802;148807;3268;11788;35250;48786;58812;87667;1953;6000;18996;25714;46721;148467;3236;12040;36435;47753;59677;87044;"FE";"France"
"24/10/2020";1842;5691;18919;28761;48264;157506;3046;11826;36164;53037;63559;94889;1923;5869;18721;26833;45978;149262;3284;11827;35377;48970;59000;87938;1960;6014;19062;25805;46885;148928;3246;12071;36545;47936;59866;87329;"FE";"France"
"25/10/2020";1846;5715;18999;28879;48456;158140;3056;11871;36296;53235;63813;95274;1932;5889;18798;26924;46153;149785;3295;11869;35495;49132;59212;88197;1966;6040;19122;25887;47060;149399;3255;12118;36661;48094;60067;87638;"FE";"France"
"26/10/2020";1851;5732;19066;28990;48636;158758;3065;11915;36418;53430;64046;95627;1941;5908;18867;27022;46317;150262;3307;11907;35600;49292;59425;88464;1978;6060;19184;25973;47219;149853;3266;12150;36784;48259;60254;87903;"FE";"France"
"27/10/2020";1860;5755;19133;29091;48853;159418;3069;11948;36547;53614;64337;96003;1949;5933;18924;27118;46456;150728;3318;11954;35699;49442;59627;88746;1983;6085;19260;26049;47377;150336;3274;12187;36905;48436;60436;88158;"FE";"France"
"28/10/2020";1865;5768;19209;29192;49049;160086;3075;11985;36691;53810;64601;96417;1955;5951;18994;27206;46589;151222;3328;11995;35811;49620;59828;89019;1987;6121;19320;26134;47520;150818;3292;12220;37022;48606;60631;88431;"FE";"France"
"29/10/2020";1870;5793;19285;29293;49254;160740;3087;12027;36805;54029;64885;96848;1964;5974;19062;27303;46729;151692;3339;12035;35919;49780;60019;89312;1988;6141;19372;26237;47652;151274;3304;12260;37153;48791;60833;88695;"FE";"France"
"30/10/2020";1875;5805;19364;29414;49461;161379;3094;12062;36935;54257;65167;97252;1972;6001;19129;27399;46886;152213;3348;12069;36036;49937;60214;89587;1992;6164;19443;26332;47823;151779;3318;12305;37290;48964;61061;88978;"FE";"France"
"31/10/2020";1882;5826;19429;29516;49629;162039;3103;12107;37060;54495;65441;97689;1977;6017;19191;27505;47051;152739;3356;12106;36162;50079;60412;89866;2002;6199;19525;26425;47987;152273;3326;12351;37415;49129;61276;89216;"FE";"France"
"01/11/2020";1888;5839;19501;29651;49862;162736;3113;12142;37185;54682;65731;98126;1983;6045;19262;27591;47208;153225;3370;12153;36281;50252;60641;90154;2008;6219;19579;26518;48133;152738;3342;12390;37517;49305;61491;89478;"FE";"France"
"02/11/2020";1894;5858;19570;29764;50072;163431;3121;12191;37306;54930;66045;98563;1988;6062;19340;27690;47355;153718;3375;12186;36414;50420;60859;90478;2015;6239;19637;26602;48288;153218;3353;12445;37618;49463;61684;89759;"FE";"France"
"03/11/2020";1898;5879;19639;29880;50304;164093;3129;12234;37452;55122;66347;98969;1993;6077;19409;27783;47526;154227;3386;12219;36515;50571;61063;90774;2021;6257;19687;26689;48426;153696;3362;12492;37738;49628;61888;90035;"FE";"France"
"04/11/2020";1908;5895;19712;30005;50521;164789;3141;12267;37584;55319;66641;99374;2002;6097;19470;27876;47683;154760;3400;12253;36637;50726;61268;91089;2027;6275;19751;26764;48596;154168;3374;12532;37861;49771;62086;90335;"FE";"France"
"05/11/2020";1913;5912;19780;30115;50744;165456;3152;12319;37719;55530;66935;99813;2010;6107;19528;27969;47836;155279;3406;12294;36759;50873;61463;91366;2037;6298;19811;26861;48767;154696;3380;12569;37981;49944;62315;90635;"FE";"France"
"06/11/2020";1919;5934;19871;30237;50967;166121;3164;12354;37864;55748;67222;100280;2014;6128;19604;28056;47996;155753;3417;12326;36895;51043;61692;91676;2043;6319;19895;26934;48917;155205;3390;12597;38127;50100;62531;90932;"FE";"France"
"07/11/2020";1925;5955;19935;30347;51196;166866;3172;12390;38007;55971;67536;100718;2019;6141;19680;28146;48146;156236;3425;12380;37037;51221;61908;91990;2051;6340;19956;27023;49079;155699;3404;12644;38249;50290;62737;91231;"FE";"France"
"08/11/2020";1928;5977;20013;30460;51421;167608;3181;12419;38125;56205;67824;101165;2023;6167;19741;28233;48323;156714;3435;12421;37139;51406;62121;92230;2059;6356;20024;27128;49233;156191;3419;12682;38356;50462;62943;91497;"FE";"France"
"09/11/2020";1932;5994;20102;30588;51655;168299;3189;12452;38267;56400;68121;101633;2028;6188;19810;28331;48493;157231;3443;12467;37277;51585;62350;92535;2069;6374;20094;27212;49378;156708;3427;12719;38467;50627;63113;91763;"FE";"France"
"10/11/2020";1943;6017;20184;30698;51872;168984;3193;12481;38401;56613;68440;102053;2033;6209;19875;28427;48650;157751;3454;12508;37368;51757;62547;92790;2076;6391;20169;27309;49545;157188;3441;12760;38590;50789;63325;92044;"FE";"France"
"11/11/2020";1952;6046;20252;30784;52101;169675;3200;12532;38514;56817;68700;102521;2039;6224;19926;28517;48804;158195;3463;12553;37459;51900;62770;93064;2080;6408;20232;27411;49709;157642;3447;12805;38695;50957;63548;92321;"FE";"France"
"12/11/2020";1959;6067;20316;30898;52291;170394;3208;12576;38650;57041;69026;102961;2044;6253;20013;28595;48983;158708;3473;12593;37565;52095;62979;93353;2086;6426;20308;27515;49873;158135;3460;12855;38826;51122;63749;92592;"FE";"France"
"13/11/2020";1970;6090;20389;31015;52498;171075;3220;12615;38792;57268;69338;103410;2047;6278;20073;28685;49131;159226;3489;12637;37699;52269;63202;93653;2093;6448;20374;27592;50046;158664;3471;12892;38951;51298;63948;92917;"FE";"France"
"14/11/2020";1975;6108;20460;31127;52714;171776;3228;12653;38924;57480;69628;103820;2056;6299;20133;28769;49294;159774;3504;12668;37835;52439;63439;93950;2098;6464;20445;27680;50192;159118;3478;12934;39073;51458;64166;93194;"FE";"France"
"15/11/2020";1977;6132;20525;31252;52916;172469;3237;12690;39042;57674;69908;104231;2063;6331;20205;28862;49466;160302;3515;12713;37961;52605;63653;94247;2106;6486;20503;27767;50363;159609;3491;12979;39190;51622;64361;93470;"FE";"France"
"16/11/2020";1986;6160;20586;31381;53130;173166;3252;12721;39180;57918;70177;104674;2069;6346;20261;28966;49648;160800;3525;12757;38069;52782;63865;94558;2110;6500;20569;27870;50525;160072;3502;13013;39300;51774;64553;93744;"FE";"France"
"17/11/2020";1993;6177;20657;31485;53316;173840;3261;12760;39301;58137;70476;105100;2074;6366;20316;29052;49814;161338;3538;12791;38195;52955;64072;94857;2116;6519;20636;27965;50698;160540;3509;13058;39421;51929;64754;94015;"FE";"France"
"18/11/2020";1999;6192;20728;31592;53512;174541;3270;12796;39437;58362;70765;105544;2078;6383;20372;29144;50024;161869;3545;12828;38328;53130;64272;95147;2123;6542;20696;28028;50842;161024;3515;13092;39542;52089;64962;94284;"FE";"France"
"19/11/2020";2003;6214;20812;31702;53704;175243;3276;12829;39559;58590;71065;105985;2091;6406;20425;29234;50210;162365;3553;12865;38454;53325;64486;95480;2126;6560;20745;28118;51026;161478;3522;13147;39667;52250;65156;94560;"FE";"France"
"20/11/2020";2010;6232;20880;31808;53906;175877;3287;12874;39708;58775;71347;106372;2097;6425;20491;29322;50399;162873;3558;12910;38561;53505;64689;95811;2129;6585;20808;28207;51200;161963;3531;13179;39782;52408;65373;94846;"FE";"France"
"21/11/2020";2017;6253;20930;31922;54095;176532;3296;12908;39827;58969;71619;106792;2102;6446;20565;29429;50562;163399;3567;12950;38673;53663;64901;96136;2139;6601;20874;28310;51370;162447;3545;13223;39916;52564;65566;95141;"FE";"France"
"22/11/2020";2024;6278;20995;32003;54290;177228;3306;12947;39940;59174;71906;107209;2107;6463;20631;29519;50758;163935;3576;13005;38792;53846;65145;96479;2143;6627;20938;28391;51540;162927;3551;13264;40039;52723;65768;95410;"FE";"France"
"23/11/2020";2031;6301;21055;32114;54505;177909;3321;12991;40083;59374;72184;107660;2108;6485;20697;29610;50931;164490;3594;13047;38902;54008;65379;96816;2148;6637;20995;28485;51697;163460;3563;13309;40160;52897;65967;95715;"FE";"France"
"24/11/2020";2038;6324;21126;32236;54701;178614;3330;13038;40212;59596;72465;108067;2110;6505;20751;29696;51087;165033;3605;13093;39004;54179;65561;97123;2153;6658;21059;28573;51873;163989;3577;13350;40260;53071;66173;96030;"FE";"France"
"25/11/2020";2045;6334;21195;32359;54904;179269;3350;13077;40358;59767;72735;108484;2112;6530;20818;29781;51260;165585;3608;13145;39123;54361;65763;97441;2160;6678;21122;28670;52015;164510;3589;13392;40376;53228;66376;96337;"FE";"France"
"26/11/2020";2052;6360;21268;32464;55094;179903;3359;13119;40488;59978;73034;108897;2117;6550;20878;29875;51414;166158;3618;13185;39264;54564;65970;97759;2168;6697;21190;28781;52185;165007;3599;13426;40491;53391;66580;96609;"FE";"France"
"27/11/2020";2054;6390;21334;32581;55302;180556;3369;13170;40617;60172;73334;109319;2124;6568;20943;29959;51590;166693;3627;13227;39396;54739;66204;98086;2176;6724;21251;28874;52359;165492;3615;13474;40609;53556;66797;96895;"FE";"France"
"28/11/2020";2061;6422;21400;32696;55493;181173;3376;13196;40753;60345;73588;109748;2135;6590;21003;30049;51760;167214;3645;13261;39515;54902;66429;98361;2186;6752;21328;28969;52541;165941;3630;13508;40733;53756;67013;97176;"FE";"France"
"29/11/2020";2064;6447;21459;32798;55670;181809;3377;13238;40882;60541;73837;110105;2147;6613;21070;30148;51941;167762;3658;13295;39663;55062;66632;98692;2191;6768;21390;29047;52691;166433;3644;13552;40866;53936;67226;97470;"FE";"France"
"30/11/2020";2075;6475;21521;32902;55873;182439;3391;13279;41013;60732;74108;110515;2151;6628;21132;30231;52123;168289;3667;13335;39791;55221;66838;98989;2201;6788;21472;29128;52863;166910;3659;13591;40992;54123;67421;97745;"FE";"France"
"01/12/2020";2085;6493;21609;33010;56048;183067;3404;13331;41144;60941;74381;110895;2152;6652;21189;30318;52267;168799;3682;13376;39896;55388;67007;99290;2210;6807;21533;29230;53045;167395;3672;13642;41121;54282;67649;98026;"FE";"France"
"02/12/2020";2093;6522;21684;33134;56208;183705;3413;13367;41266;61158;74653;111292;2157;6676;21263;30421;52417;169294;3690;13421;40036;55563;67217;99597;2216;6831;21599;29322;53217;167902;3682;13667;41234;54431;67858;98321;"FE";"France"
"03/12/2020";2100;6544;21765;33260;56421;184368;3420;13410;41394;61397;74906;111697;2168;6693;21322;30527;52609;169817;3701;13457;40148;55758;67441;99899;2220;6850;21675;29393;53390;168393;3688;13705;41376;54593;68078;98610;"FE";"France"
"04/12/2020";2104;6569;21834;33372;56606;185026;3434;13449;41523;61614;75167;112101;2180;6711;21389;30645;52759;170329;3711;13494;40274;55935;67665;100193;2226;6882;21735;29501;53565;168894;3701;13744;41499;54736;68286;98888;"FE";"France"
"05/12/2020";2113;6585;21902;33474;56818;185664;3448;13490;41644;61832;75410;112472;2188;6727;21456;30736;52935;170874;3722;13534;40398;56116;67875;100494;2234;6910;21804;29606;53732;169367;3711;13784;41631;54910;68474;99168;"FE";"France"
"06/12/2020";2116;6602;21962;33572;57028;186324;3462;13531;41772;62031;75685;112870;2195;6751;21520;30839;53101;171382;3740;13567;40511;56288;68082;100765;2239;6938;21852;29693;53912;169873;3722;13827;41749;55068;68695;99423;"FE";"France"
"07/12/2020";2122;6627;22037;33669;57212;186929;3472;13570;41909;62250;75931;113248;2200;6779;21587;30932;53275;171920;3746;13617;40633;56469;68299;101058;2251;6962;21918;29788;54082;170336;3735;13871;41883;55234;68900;99697;"FE";"France"
"08/12/2020";2132;6656;22110;33799;57429;187539;3485;13618;42017;62477;76187;113633;2209;6792;21643;31029;53433;172449;3757;13648;40745;56643;68493;101368;2257;6981;21969;29886;54228;170824;3748;13909;42007;55385;69134;99971;"FE";"France"
"09/12/2020";2135;6680;22189;33913;57633;188215;3499;13660;42162;62701;76440;113989;2212;6825;21705;31116;53614;172993;3767;13682;40865;56824;68690;101688;2262;6996;22017;29981;54395;171266;3753;13944;42121;55533;69344;100248;"FE";"France"
"10/12/2020";2142;6707;22258;34030;57829;188873;3516;13686;42290;62924;76715;114359;2218;6844;21772;31215;53773;173508;3777;13713;40994;56994;68919;102012;2265;7020;22073;30073;54542;171755;3760;13978;42252;55694;69540;100526;"FE";"France"
"11/12/2020";2151;6725;22319;34158;58048;189577;3530;13732;42428;63139;76982;114743;2225;6862;21839;31321;53945;174024;3788;13744;41115;57157;69113;102324;2273;7049;22127;30165;54696;172245;3770;14018;42398;55865;69738;100798;"FE";"France"
"12/12/2020";2161;6751;22383;34261;58252;190231;3543;13781;42546;63335;77245;115135;2232;6884;21903;31434;54129;174569;3801;13789;41247;57326;69345;102632;2279;7066;22200;30256;54863;172741;3785;14057;42528;56036;69960;101112;"FE";"France"
"13/12/2020";2163;6773;22445;34349;58419;190897;3548;13807;42679;63547;77514;115500;2240;6911;21998;31539;54317;175109;3813;13834;41383;57519;69567;102925;2289;7089;22276;30353;55025;173234;3801;14094;42647;56216;70150;101370;"FE";"France"
"14/12/2020";2168;6789;22514;34469;58627;191572;3561;13861;42820;63729;77780;115863;2245;6933;22084;31646;54492;175652;3834;13877;41504;57672;69803;103233;2296;7117;22338;30449;55182;173706;3817;14134;42764;56369;70362;101652;"FE";"France"
"15/12/2020";2173;6818;22567;34601;58829;192229;3573;13890;42956;63935;78038;116265;2250;6950;22144;31734;54661;176162;3848;13913;41621;57826;69998;103567;2308;7143;22398;30515;55332;174174;3824;14180;42886;56530;70586;101978;"FE";"France"
"16/12/2020";2178;6832;22633;34709;59040;192882;3582;13922;43101;64123;78300;116662;2258;6962;22206;31827;54831;176704;3856;13956;41745;57981;70206;103852;2312;7172;22463;30602;55517;174728;3837;14218;42993;56674;70833;102255;"FE";"France"
"17/12/2020";2183;6853;22715;34824;59232;193473;3589;13954;43230;64306;78554;117026;2267;6991;22281;31941;55002;177278;3864;13984;41870;58158;70436;104159;2317;7193;22534;30707;55673;175245;3853;14263;43137;56833;71044;102574;"FE";"France"
"18/12/2020";2187;6878;22789;34936;59429;194097;3600;14005;43351;64470;78818;117393;2276;7017;22349;32042;55175;177799;3876;14019;42012;58331;70683;104481;2325;7215;22609;30799;55846;175740;3863;14311;43265;57001;71290;102884;"FE";"France"
"19/12/2020";2195;6892;22857;35052;59611;194673;3607;14033;43456;64656;79068;117769;2280;7042;22416;32143;55340;178356;3887;14056;42137;58507;70892;104816;2330;7234;22684;30882;56020;176257;3869;14357;43408;57197;71505;103200;"FE";"France"
"20/12/2020";2202;6916;22913;35160;59810;195303;3611;14062;43577;64854;79326;118135;2283;7067;22493;32233;55511;178907;3901;14111;42291;58687;71112;105116;2336;7260;22755;30979;56198;176753;3884;14395;43539;57380;71712;103518;"FE";"France"
"21/12/2020";2208;6935;22983;35261;60021;195905;3618;14104;43694;65031;79556;118475;2293;7083;22550;32330;55685;179463;3911;14137;42415;58851;71349;105451;2343;7287;22808;31076;56373;177293;3899;14433;43654;57562;71923;103805;"FE";"France"
"22/12/2020";2215;6950;23057;35361;60212;196576;3620;14149;43809;65256;79787;118849;2296;7097;22610;32425;55860;180057;3922;14168;42550;59013;71565;105737;2348;7314;22866;31173;56559;177784;3914;14478;43778;57722;72116;104110;"FE";"France"
"23/12/2020";2223;6982;23116;35470;60400;197194;3631;14187;43942;65447;80051;119221;2301;7125;22667;32529;56029;180604;3928;14208;42692;59191;71781;106031;2356;7334;22942;31258;56724;178340;3927;14514;43887;57890;72311;104398;"FE";"France"
"24/12/2020";2229;7003;23182;35573;60598;197798;3640;14228;44069;65663;80288;119582;2309;7147;22741;32643;56182;181148;3941;14245;42838;59374;71972;106318;2362;7360;23003;31338;56892;178827;3938;14558;44014;58039;72523;104746;"FE";"France"
"25/12/2020";2234;7025;23240;35665;60808;198379;3646;14259;44216;65843;80543;119912;2314;7164;22801;32740;56360;181664;3951;14279;42958;59549;72172;106646;2364;7382;23071;31439;57061;179323;3949;14599;44141;58196;72713;105057;"FE";"France"
"26/12/2020";2239;7039;23308;35775;60987;198984;3654;14302;44342;66052;80809;120264;2324;7186;22853;32843;56521;182198;3963;14328;43091;59734;72381;106976;2374;7407;23143;31525;57259;179829;3952;14649;44256;58355;72929;105336;"FE";"France"
"27/12/2020";2240;7062;23383;35877;61181;199609;3663;14341;44457;66244;81053;120658;2330;7210;22920;32940;56700;182714;3971;14369;43226;59940;72598;107294;2381;7432;23221;31628;57455;180340;3962;14695;44383;58523;73146;105622;"FE";"France"
"28/12/2020";2249;7077;23443;35991;61390;200267;3672;14383;44604;66446;81341;121044;2334;7225;22986;33044;56871;183274;3980;14407;43365;60134;72811;107607;2387;7461;23290;31726;57643;180838;3970;14739;44521;58720;73384;105943;"FE";"France"
"29/12/2020";2251;7095;23523;36101;61581;200894;3684;14418;44720;66655;81590;121418;2341;7241;23049;33140;57037;183780;3989;14457;43474;60308;73024;107899;2390;7481;23368;31813;57793;181377;3975;14780;44645;58901;73576;106245;"FE";"France"
"30/12/2020";2257;7110;23582;36193;61813;201505;3696;14457;44841;66812;81870;121810;2347;7264;23130;33221;57206;184342;3996;14510;43614;60497;73268;108228;2398;7506;23431;31922;57976;181888;3981;14823;44777;59064;73786;106531;"FE";"France"
"31/12/2020";2262;7119;23652;36305;61998;202117;3706;14501;44975;66992;82116;122157;2356;7286;23212;33321;57394;184867;4007;14536;43731;60677;73490;108545;2408;7531;23504;31998;58151;182475;3988;14858;44915;59240;74011;106867;"FE";"France"
